Date,Open,High,Low,Close,Volume,Feature_1,Feature_2,Feature_3,Feature_4,Label,Industry,Industry_ID,Beta
2017-04-19 15:31:00,695.97,695.99,693.33,693.33,10958.0,-0.008476749487120001,-0.0030537289267,-0.006,1.5069778082799998,-1,Consumer Discretionary,2,0.10576906909454195
2017-04-19 15:32:00,701.92,701.9399,695.8,695.97,4371.0,-0.000960724172532,0.00484518941908,-0.000991872355304,0.016511627907,-1,Consumer Discretionary,2,0.10576906909454195
2017-04-19 15:33:00,702.595,704.09,700.0,701.77,4300.0,0.00271159348932,-0.0017594347014700004,0.00102145775594,42.0,1,Consumer Discretionary,2,0.10576906909454195
2017-04-19 15:34:00,700.695,700.695,700.695,700.695,100.0,-0.0015460685685000002,-0.00118105754454,-1.42859183702e-05,-0.901185770751,-1,Consumer Discretionary,2,0.1030856068408245
2017-04-19 15:35:00,701.78,701.93,699.98,700.78,1012.0,0.00132696011985,-0.000113823914404,-0.00388490437158,-0.909836065574,1,Consumer Discretionary,2,0.06611438919568571
2017-04-19 15:36:00,700.85,702.76,699.99,700.75,11224.0,-0.00266108834244,-0.00228547093477,0.0,55.12,-1,Consumer Discretionary,2,0.061100585749494556
2017-04-19 15:37:00,702.72,702.84,702.72,702.84,200.0,-0.00245581659451,-0.0007659683116069999,-0.00144939892574,-0.950421417947,1,Consumer Discretionary,2,0.030447190862882535
2017-04-19 15:38:00,704.45,704.45,702.72,702.72,4034.0,-0.0007659683116069999,0.0,-0.0006106479969319999,2.36166666667,-1,Consumer Discretionary,2,-0.019635090492750706
2017-04-19 15:39:00,704.99,704.99,703.74,704.11,1200.0,7.0923494826100005e-06,2.83700015603e-05,-0.0011348000624100002,-0.56973825744,-1,Consumer Discretionary,2,-0.04396881664015818
2017-04-19 15:40:00,704.985,704.99,704.17,704.38,2789.0,2.12775011702e-05,0.000184439021622,0.00105079306477,26.89,-1,Consumer Discretionary,2,-0.04793390090125409
2017-04-19 15:41:00,704.97,704.97,704.97,704.97,100.0,0.00105079306477,9.932318345e-05,-0.000354871678401,-0.5,1,Consumer Discretionary,2,-0.044641068029157877
2017-04-19 15:42:00,704.23,704.84,704.23,704.84,200.0,-0.0007378503015249999,-0.00282977489141,-0.000354745789167,-0.8709677419349999,1,Consumer Discretionary,2,-0.05605220831758347
2017-04-19 15:43:00,704.75,704.77,704.48,704.77,1550.0,-0.0017705382436300004,-0.0017231881806199995,-0.00161502826299,-0.360824742268,-1,Consumer Discretionary,2,-0.06846565016157934
2017-04-19 15:44:00,706.0,706.77,704.73,704.91,2425.0,-0.00281077416348,0.000409071351511,-0.000453135841629,1.48463114754,-1,Consumer Discretionary,2,-0.11397787421623722
2017-04-19 15:45:00,707.99,707.99,705.87,705.87,976.0,0.00164821561207,0.00192414036612,0.00029745885152599995,-0.575652173913,-1,Consumer Discretionary,2,-0.1363625732679817
2017-04-19 15:46:00,706.825,707.7005,706.19,707.01,2300.0,0.0007574792224159999,-0.00149646593158,-0.00144271570014,0.405009163103,1,Consumer Discretionary,2,-0.17178254215552166
2017-04-19 15:47:00,706.29,706.3414,705.98,706.13,1637.0,-0.00156912637829,0.000395972395067,0.000693549985138,0.488181818182,-1,Consumer Discretionary,2,-0.18675945416817621
2017-04-19 15:48:00,707.4,707.4,707.0,707.0,1100.0,0.000459640066471,-0.00101717902351,0.0,-0.511111111111,1,Consumer Discretionary,2,-0.1945461627277815
2017-04-19 15:49:00,707.075,707.12,706.51,706.51,2250.0,9.75860741007e-06,-0.000254230106494,-0.0008273287182060001,-0.296875,-1,Consumer Discretionary,2,-0.1918745999891337
2017-04-19 15:50:00,707.0681,707.84,706.51,707.1753,3200.0,-0.00134445354651,0.000211903315581,-0.0006713116723430001,2.35781741868,-1,Consumer Discretionary,2,-0.18961518303154992
2017-04-19 15:51:00,708.02,708.02,707.095,707.62,953.0,0.000211903315581,-0.00026509139015099995,-0.00015148149467,0.588333333333,-1,Consumer Discretionary,2,-0.1608445465662027
2017-04-19 15:52:00,707.87,707.87,707.57,707.74,600.0,0.00027244059862299995,-0.000553744089209,-0.00027236639495999994,-0.58904109589,-1,Consumer Discretionary,2,-0.14205874341803754
2017-04-19 15:53:00,707.6772,708.0577,707.6772,708.0577,1460.0,-0.00109083209824,0.00137460201915,0.000989719446566,2.65,1,Consumer Discretionary,2,-0.13281064296075598
2017-04-19 15:54:00,708.45,708.45,707.87,707.87,400.0,0.00137460201915,-0.00137271508222,-4.22794117647e-05,1.0,1,Consumer Discretionary,2,-0.11858738290505311
2017-04-19 15:55:00,707.4775,707.4775,707.1701,707.1701,200.0,-0.00127403371072,-0.000225794160398,-0.0010241197867,-0.965277777778,-1,Consumer Discretionary,2,-0.10358256780352994
2017-04-19 15:56:00,708.38,708.45,707.2,708.4,5760.0,0.0006427234523430001,0.0007909045971330001,0.0007067887055160001,1.88,-1,Consumer Discretionary,2,-0.08995434263150141
2017-04-19 15:57:00,707.925,708.61,707.925,708.56,2000.0,-0.000176541204717,-0.00032473033263700005,-0.0007204051219389999,0.00654252642174,1,Consumer Discretionary,2,-0.03545028773694104
2017-04-19 15:58:00,708.05,708.05,707.425,708.03,1987.0,-0.00031061600802,0.0,-9.18079096046e-05,-0.0968181818182,1,Consumer Discretionary,2,0.021906422581214134
2017-04-19 15:59:00,708.27,708.28,707.935,707.935,2200.0,0.000381355932203,-0.00015528169511100002,0.00036453962037,2.66666666667,-1,Consumer Discretionary,2,0.10103708678120844
2017-04-19 16:00:00,708.0,708.28,708.0,708.27,600.0,-1.41240942924e-05,2.82338326016e-05,-0.000124323637032,-0.454545454545,1,Consumer Discretionary,2,0.15393606705999238
2017-04-19 16:01:00,708.01,708.39,707.742,708.0,1100.0,-0.000508208986829,-8.46943240686e-05,-0.0007482071263200001,-0.153846153846,1,Consumer Discretionary,2,0.25498885437753754
2017-04-19 16:02:00,708.37,708.37,707.83,707.915,1300.0,-7.05795996724e-05,-0.00012702534861399998,-0.00022582284198,1.13815789474,-1,Consumer Discretionary,2,0.3676440696572113
2017-04-19 16:03:00,708.42,708.43,708.36,708.38,608.0,-0.000141139276238,-5.64525234277e-05,0.000458630614836,5.08,-1,Consumer Discretionary,2,0.4243297951037406
2017-04-19 16:05:00,708.52,708.52,708.52,708.52,100.0,-5.64525234277e-05,0.000197622879083,0.000332222159444,-0.784482758621,1,Consumer Discretionary,2,0.4243297951037406
2017-04-19 16:06:00,708.56,708.56,708.1952,708.35,464.0,0.000522458662223,0.000529627354194,0.0001554001554,-0.337142857143,-1,Consumer Discretionary,2,0.4243297951037406
2017-04-19 16:07:00,708.19,708.42,707.96,708.42,700.0,0.000480327753055,-0.00271124170194,0.000146662744357,-0.807109396528,1,Consumer Discretionary,2,0.4243297951037406
2017-04-19 16:08:00,707.85,708.045,707.85,708.0,3629.0,-0.0029859012332800004,0.000676401358723,-0.00120491109229,0.326873857404,1,Consumer Discretionary,2,0.4243297951037406
2017-04-19 16:09:00,709.9699,709.9699,707.7462,707.935,2735.0,0.000676401358723,-0.0007183098591550001,-0.000944633214432,2.41875,-1,Consumer Discretionary,2,0.4243297951037406
2017-04-19 16:10:00,709.49,709.49,708.6,708.6,800.0,-0.0007183098591550001,-0.0014064697609000002,-0.000324171952079,-0.840446749103,-1,Consumer Discretionary,2,0.4243297951037406
2017-04-19 16:11:00,710.0,710.0,709.27,709.27,5014.0,-0.0013362402419300002,-9.84431912471e-05,-0.0015479876160999998,-0.361680458307,-1,Consumer Discretionary,2,0.4243297951037406
2017-04-19 16:12:00,710.95,711.0,709.5,710.435,7855.0,0.0004925415142130001,-4.21881591899e-05,-0.000464180721027,12.0916666667,-1,Consumer Discretionary,2,0.4243297951037406
2017-04-19 16:13:00,710.6,711.07,710.6,710.93,600.0,-0.00056258790436,0.000661384968268,0.000443278005671,1.0,-1,Consumer Discretionary,2,0.4243297951037406
2017-04-19 16:14:00,711.0,711.1,710.93,711.1,300.0,0.000520664762253,-0.000632840186758,-0.00062582623126,-0.8928571428569999,1,Consumer Discretionary,2,0.4243297951037406
2017-04-19 16:15:00,710.63,710.63,710.615,710.615,2800.0,-0.000632840186758,0.000225060485005,0.000914964597908,6.0,-1,Consumer Discretionary,2,0.4243297951037406
2017-04-19 16:16:00,711.08,711.08,711.06,711.06,400.0,0.000450222297259,0.000218074891138,-0.00043153622252,-0.8095238095239999,1,Consumer Discretionary,2,0.4243297951037406
2017-04-19 16:17:00,710.76,710.92,710.41,710.6133,2100.0,6.09244161563e-05,-0.000583537219832,0.00020645397357,5.0,-1,Consumer Discretionary,2,0.4243297951037406
2017-04-19 16:18:00,710.7167,710.765,710.7167,710.765,350.0,-0.000524968710009,-0.000231954958565,0.00033787113032,-0.735249621785,1,Consumer Discretionary,2,0.4243297951037406
2017-04-19 16:19:00,711.09,711.18,710.57,710.57,1322.0,0.0006315423310669999,0.0011329411433599998,0.00128273801133,-0.527857142857,-1,Consumer Discretionary,2,0.4243297951037406
2017-04-19 16:20:00,710.6412,711.345,710.33,711.345,2800.0,0.00172140621917,0.00225689056902,0.000973572446489,0.0769230769231,1,Consumer Discretionary,2,0.4243297951037406
2017-04-19 16:21:00,709.42,710.54,709.42,710.0,2600.0,0.000775882742957,-0.000634347819958,-0.00019749742548,-0.08995449772489998,1,Consumer Discretionary,2,0.4243297951037406
2017-04-19 16:22:00,708.87,708.94,708.73,708.94,2857.0,-0.000733024147507,0.0007194447579280001,0.0,2.57125,1,Consumer Discretionary,2,0.4243297951037406
2017-04-19 16:23:00,709.39,709.39,708.87,708.87,800.0,0.0007335618660689999,6.34844498366e-05,0.00010680108460200003,-0.394856278366,-1,Consumer Discretionary,2,0.4243297951037406
2017-04-19 16:24:00,708.87,708.88,708.87,708.88,1322.0,0.00010680108460200003,-0.000472383208539,-0.000290126939351,5.00909090909,1,Consumer Discretionary,2,0.4243297951037406
2017-04-19 16:26:00,708.7943,708.835,708.7943,708.835,220.0,-0.000445205962404,9.87166831194e-05,0.000313920800251,-0.642276422764,-1,Consumer Discretionary,2,0.4243297951037406
2017-04-19 16:27:00,709.11,709.17,709.0,709.0,615.0,0.000469117600375,0.000411535812998,3.5272124440800003e-06,0.5375,1,Consumer Discretionary,2,0.4243297951037406
2017-04-19 16:28:00,708.7775,709.1,708.7775,708.85,400.0,3.5272124440800003e-06,3.99277631988e-05,-7.05437512345e-06,1.0,1,Consumer Discretionary,2,0.4243297951037406
2017-04-19 16:29:00,708.775,708.8083,708.775,708.8083,200.0,-7.05437512345e-06,0.00032460659092500003,0.0008189776899179999,0.0,1,Consumer Discretionary,2,0.4243297951037406
2017-04-19 16:31:00,708.78,708.78,708.78,708.78,200.0,0.00032460659092500003,0.00116570701897,0.00131491509607,-0.75,1,Consumer Discretionary,2,0.4243297951037406
2017-04-19 16:32:00,708.55,708.55,708.2,708.545,800.0,0.00130039746772,0.0005018589988269999,-8.4826035938e-05,-0.333333333333,1,Consumer Discretionary,2,0.4243297951037406
2017-04-19 16:34:00,707.6298,707.725,707.27,707.725,1200.0,0.000367275965902,-0.00149626639188,-0.00042395036954300013,3.0,1,Consumer Discretionary,2,0.4243297951037406
2017-04-19 16:35:00,707.37,707.37,707.33,707.36,300.0,-0.0011790371432,0.000501359319281,-0.000572005621191,-0.875,-1,Consumer Discretionary,2,0.4243297951037406
2017-04-19 16:36:00,708.205,708.43,707.63,708.12,2400.0,0.000183596370441,1.41229971824e-05,0.00103916301428,7.0,1,Consumer Discretionary,2,0.4243297951037406
2017-04-19 16:38:00,708.075,708.075,708.035,708.035,300.0,0.00023308047633200006,0.0007773686776960001,-0.0003038804830990001,-0.5,1,Consumer Discretionary,2,0.4243297951037406
2017-04-19 16:39:00,707.91,708.065,707.3,707.74,600.0,0.000558292050345,-1.41337761916e-05,-1.41337761916e-05,5.0,1,Consumer Discretionary,2,0.4243297951037406
2017-04-19 16:40:00,707.515,707.515,707.515,707.515,100.0,-1.41337761916e-05,-0.00040265042878699983,9.89462227279e-05,-0.52380952381,-1,Consumer Discretionary,2,0.4243297951037406
2017-04-19 16:41:00,707.525,707.525,707.525,707.525,210.0,9.89462227279e-05,0.0005512990868230001,4.94755590739e-05,-0.3,1,Consumer Discretionary,2,0.4243297951037406
2017-04-19 16:42:00,707.455,707.81,707.455,707.505,300.0,4.94755590739e-05,-0.000169601718631,0.000509150567137,2.0,1,Consumer Discretionary,2,0.4243297951037406
2017-04-19 16:43:00,707.42,707.42,707.42,707.42,100.0,0.00026865376186,0.000374677459263,0.0004669392837430001,-0.969604863222,1,Consumer Discretionary,2,0.4243297951037406
2017-04-19 16:44:00,707.23,707.54,707.06,707.2462,3290.0,0.000127273241508,7.069436000389999e-06,-0.0003465469075990001,9.96666666667,-1,Consumer Discretionary,2,0.4243297951037406
2017-04-19 16:45:00,707.14,707.275,706.73,707.275,300.0,0.000233388733689,-0.00101414148262,-0.00110913303945,-0.625,1,Consumer Discretionary,2,0.4243297951037406
2017-04-19 16:46:00,706.975,707.27,706.975,706.975,800.0,-0.00143081521156,0.000230282908911,0.000452193761705,0.6,-1,Consumer Discretionary,2,0.4243297951037406
2017-04-19 16:47:00,707.988,707.988,707.76,707.98,500.0,0.000230282908911,0.000289703513185,8.49614068818e-05,0.785714285714,1,Consumer Discretionary,2,0.4243297951037406
2017-04-19 16:48:00,707.825,707.825,707.4401,707.4401,280.0,0.000629081964432,0.0009052589889389998,0.0012739214132000002,-0.65,-1,Consumer Discretionary,2,0.4243297951037406
2017-04-19 16:49:00,707.38,707.62,707.38,707.62,800.0,0.000962218763266,0.00067940552017,0.0008498610458069999,0.6,1,Consumer Discretionary,2,0.4243297951037406
2017-04-19 16:51:00,706.7,706.98,706.48,706.98,500.0,0.000283085633404,-0.00010614584439,-0.000983476630223,-0.545454545455,1,Consumer Discretionary,2,0.4243297951037406
2017-04-19 16:53:00,706.5,706.5,705.8801,706.24,1100.0,-0.00010614584439,-0.000982651604055,0.000205257421118,10.0,-1,Consumer Discretionary,2,0.4243297951037406
2017-04-19 16:54:00,706.575,706.575,706.575,706.575,100.0,-0.000473893423491,-0.000918182845519,-0.000664874805489,-0.928571428571,1,Consumer Discretionary,2,0.4243297951037406
2017-04-19 16:55:00,706.91,707.27,706.43,706.43,1400.0,-0.00142671488304,0.000226065332881,-0.00121510116424,1.33333333333,-1,Consumer Discretionary,2,0.4243297951037406
2017-04-19 16:57:00,707.92,707.92,706.9,706.9,600.0,0.000226065332881,-2.11931757974e-05,0.000565482922416,5.0,-1,Consumer Discretionary,2,0.4243297951037406
2017-04-19 16:58:00,707.76,707.76,707.76,707.76,100.0,0.000565482922416,0.00101122959862,0.000424292139281,-0.666666666667,-1,Consumer Discretionary,2,0.4243297951037406
2017-04-19 17:00:00,707.36,707.775,707.36,707.775,300.0,0.000424292139281,-0.00039584923799,-0.00039584923799,2.0,1,Consumer Discretionary,2,0.4243297951037406
2017-04-19 17:01:00,707.06,707.06,707.06,707.06,100.0,-0.00039584923799,0.000318194353111,0.000495056507164,0.0,-1,Consumer Discretionary,2,0.4243297951037406
2017-04-19 17:02:00,707.34,707.34,707.34,707.34,100.0,0.000318194353111,0.00045982540783,0.000282969481741,-0.666666666667,1,Consumer Discretionary,2,0.4243297951037406
2017-04-19 17:03:00,707.115,707.115,706.99,707.04,300.0,0.00045982540783,-0.000240466221569,0.0007079245069310001,2.0,1,Consumer Discretionary,2,0.4243297951037406
2017-04-19 17:04:00,706.79,706.79,706.79,706.79,100.0,-0.000169752868116,0.000495322738144,0.000198258160447,-0.954648526077,1,Consumer Discretionary,2,0.4243297951037406
2017-04-19 17:05:00,706.91,706.96,706.29,706.36,2205.0,0.00107625858529,0.000499109743967,0.0030397295493,2.675,-1,Consumer Discretionary,2,0.4243297951037406
2017-04-19 17:07:00,706.15,706.61,706.15,706.61,600.0,0.00031873074335100004,0.0007261829697699999,0.0015221782798,-0.666666666667,1,Consumer Discretionary,2,0.4243297951037406
2017-04-19 17:08:00,705.925,706.2575,704.01,706.2575,1800.0,0.00322601274772,0.0024217374012800003,0.000569362598571,-0.617996604414,1,Consumer Discretionary,2,0.4243297951037406
2017-04-19 17:09:00,703.655,705.745,702.94,704.18,4712.0,-0.0005468439293220001,0.000810269094631,-0.0006827686267819999,4.89,1,Consumer Discretionary,2,0.4243297951037406
2017-04-19 17:10:00,704.04,704.04,702.54,703.35,800.0,0.0014508833319100002,-0.000568286757498,-0.0005828582801419999,1.0,-1,Consumer Discretionary,2,0.4243297951037406
2017-04-19 17:11:00,703.02,703.47,703.02,703.41,400.0,-0.00120051430317,0.000931436331705,0.000389102623541,-0.428571428571,-1,Consumer Discretionary,2,0.4243297951037406
2017-04-19 17:12:00,703.865,703.87,703.43,703.46,700.0,0.00100774166316,0.0,0.00227550031359,0.75,1,Consumer Discretionary,2,0.4243297951037406
2017-04-19 17:13:00,703.1564,703.215,703.1564,703.215,400.0,0.00127645031755,0.000804098768946,-0.000527118088698,-0.733333333333,1,Consumer Discretionary,2,0.4243297951037406
2017-04-19 17:15:00,702.26,703.215,701.56,703.21,1500.0,-0.000199316628702,-0.000199206021713,-0.000356034065339,-0.345264076822,1,Consumer Discretionary,2,0.4243297951037406
2017-04-19 17:16:00,702.4,702.65,701.93,701.93,2291.0,-2.13548970338e-05,-0.000184942809993,-0.0007968807809430003,2.45030120482,-1,Consumer Discretionary,2,0.4243297951037406
2017-04-19 17:17:00,702.415,702.79,702.18,702.74,664.0,-0.000576249964429,0.000142283941834,0.000840276294239,0.328,0,Consumer Discretionary,2,0.4243297951037406
2017-04-19 17:18:00,702.82,702.92,702.74,702.74,500.0,0.00095421206295,0.0004982419178040001,-0.000455535467707,-0.662162162162,1,Consumer Discretionary,2,0.4243297951037406
2017-04-19 17:19:00,702.15,702.82,702.15,702.65,1480.0,-0.000455535467707,0.0007550502891980001,0.00089764048786,13.8,1,Consumer Discretionary,2,0.4243297951037406
2017-04-19 17:20:00,702.47,702.47,702.47,702.47,100.0,0.00089764048786,-0.000291962486381,-0.00019559037023,-0.5,1,Consumer Discretionary,2,0.4243297951037406
2017-04-19 17:21:00,701.84,701.94,701.84,701.94,200.0,-0.00019559037023,0.0004345719822180001,0.000195628633307,-0.666666666667,-1,Consumer Discretionary,2,0.4243297951037406
2017-04-19 17:22:00,701.9773,702.145,701.9773,702.145,600.0,0.000195628633307,-0.000242161792567,0.000420500466827,5.0,1,Consumer Discretionary,2,0.4243297951037406
2017-04-19 17:23:00,701.84,701.84,701.84,701.84,100.0,-0.000242161792567,0.000513076320103,0.000363615622638,-0.966044142615,1,Consumer Discretionary,2,0.4243297951037406
2017-04-19 17:24:00,702.01,702.01,701.545,701.55,2945.0,0.0010266794051,0.000313644982393,-0.000199592261523,8.816666666669999,-1,Consumer Discretionary,2,0.4243297951037406
2017-04-19 17:25:00,701.29,701.65,701.29,701.645,300.0,-0.000199592261523,0.0006419584010959999,0.00135621288259,2.0,1,Consumer Discretionary,2,0.4243297951037406
2017-04-19 17:26:00,701.43,701.43,701.43,701.43,100.0,0.00135621288259,2.85322985619e-05,0.000128499835806,-0.5,1,Consumer Discretionary,2,0.4243297951037406
2017-04-19 17:27:00,700.48,700.98,700.48,700.98,200.0,0.000128499835806,0.000421028594264,0.00118646006061,-0.8181818181820001,1,Consumer Discretionary,2,0.4243297951037406
2017-04-19 17:28:00,700.39,700.96,700.39,700.96,1100.0,0.0005142636744140001,0.00119314690711,0.000801144492132,-0.8268807050679999,1,Consumer Discretionary,2,0.4243297951037406
2017-04-19 17:29:00,700.03,700.665,699.56,700.39,6354.0,0.00147353361946,0.00118741058655,0.00111712640715,0.672105263158,1,Consumer Discretionary,2,0.4243297951037406
2017-04-19 17:31:00,699.0,699.83,699.0,699.64,3800.0,0.000916432785383,-0.000429000429,-0.000300674369658,0.52,1,Consumer Discretionary,2,0.4243297951037406
2017-04-19 17:32:00,698.36,699.0,698.22,698.66,2500.0,-0.0013442013442000005,0.000114413203284,-0.000622437809878,0.666666666667,1,Consumer Discretionary,2,0.4243297951037406
2017-04-19 17:33:00,699.3,699.3,698.43,698.43,1500.0,0.000114413203284,-0.00157071053233,-0.000307547061853,0.875,-1,Consumer Discretionary,2,0.4243297951037406
2017-04-19 17:34:00,699.22,699.22,698.865,699.09,800.0,-0.00157071053233,-0.0004852567579140001,-0.00125721469798,-0.272727272727,-1,Consumer Discretionary,2,0.4243297951037406
2017-04-19 17:35:00,700.32,700.32,699.08,699.22,1100.0,-0.0004852567579140001,0.0006283739396189999,-0.00035703574641900013,1.75,-1,Consumer Discretionary,2,0.4243297951037406
2017-04-19 17:36:00,700.66,700.66,699.96,700.05,400.0,0.0006283739396189999,-0.00108419641074,-0.000570931045803,1.0,-1,Consumer Discretionary,2,0.4243297951037406
2017-04-19 17:37:00,700.22,700.22,700.21,700.21,200.0,-0.00108419641074,0.00044957290574,-7.84968565576e-05,-0.666666666667,-1,Consumer Discretionary,2,0.4243297951037406
2017-04-19 17:38:00,700.98,700.98,700.61,700.615,600.0,0.00044957290574,-1.42719520462e-05,-1.42719520462e-05,5.0,-1,Consumer Discretionary,2,0.4243297951037406
2017-04-19 17:39:00,700.665,700.665,700.665,700.665,100.0,-1.42719520462e-05,-0.000420845399946,0.000264100843695,0.0,-1,Consumer Discretionary,2,0.4243297951037406
2017-04-19 17:40:00,700.675,700.675,700.675,700.675,100.0,-7.84895751574e-05,-0.00192220070623,-0.000684765396522,-0.916666666667,-1,Consumer Discretionary,2,0.4243297951037406
2017-04-19 17:42:00,700.73,700.97,700.49,700.73,1200.0,-0.000499229759799,0.0015829779951800002,-0.00017116204766899994,-0.47689625109,-1,Consumer Discretionary,2,0.4243297951037406
2017-04-19 17:43:00,701.08,702.32,700.97,700.97,2294.0,-1.42635039724e-05,-0.00019248729227400006,0.000634129346687,10.47,-1,Consumer Discretionary,2,0.4243297951037406
2017-04-19 17:44:00,701.09,701.21,701.09,701.21,200.0,0.000634129346687,0.000613483803314,7.95044177051e-05,-0.7260273972600001,-1,Consumer Discretionary,2,0.4243297951037406
2017-04-19 17:45:00,700.6457,701.345,700.6457,701.34,730.0,-0.000377081222981,-0.0015313608455999998,-0.0004636796187840001,0.035460992907800006,1,Consumer Discretionary,2,0.4243297951037406
2017-04-19 17:46:00,700.91,700.915,700.59,700.905,705.0,-0.0004919751017819999,0.00101957149478,0.000621002740978,-0.8192307692309999,-1,Consumer Discretionary,2,0.4243297951037406
2017-04-19 17:47:00,701.255,701.99,700.915,700.915,3900.0,0.0011063841937,0.0004351113457069999,-0.0006847751654870001,2.25,-1,Consumer Discretionary,2,0.4243297951037406
2017-04-19 17:50:00,700.48,701.275,700.48,701.275,1200.0,-0.0006847751654870001,0.0008281100529710003,0.0008138322934369999,3.0,1,Consumer Discretionary,2,0.4243297951037406
2017-04-19 17:51:00,700.96,700.97,700.96,700.97,300.0,0.0008138322934369999,-0.000278338816846,0.000342783689209,-0.5912806539509999,1,Consumer Discretionary,2,0.4243297951037406
2017-04-19 17:54:00,700.39,700.39,700.39,700.39,734.0,-1.38492349441e-05,-0.000420899440703,0.000228574693924,-0.184444444444,1,Consumer Discretionary,2,0.4243297951037406
2017-04-19 17:55:00,700.3997,700.585,700.15,700.15,900.0,-0.000157456710111,-0.000427850195385,-0.000785108630485,-0.5714285714289999,-1,Consumer Discretionary,2,0.4243297951037406
2017-04-19 17:56:00,700.51,700.88,699.99,700.575,2100.0,-0.0005224888503849999,0.0,-4.28222732919e-05,0.300309597523,-1,Consumer Discretionary,2,0.4243297951037406
2017-04-19 18:00:00,700.8762,701.18,700.54,700.79,1615.0,0.000437072669398,0.0014139019409,0.000542709835902,0.242307692308,-1,Consumer Discretionary,2,0.4243297951037406
2017-04-19 18:02:00,700.57,701.18,700.57,701.18,1300.0,0.000542709835902,0.0,0.000385758372386,12.0,1,Consumer Discretionary,2,0.4243297951037406
2017-04-19 18:05:00,700.19,700.19,700.19,700.19,100.0,0.00010712525799299996,0.000185698368711,-0.000199982858612,-0.8829039812649999,0,Consumer Discretionary,2,0.4243297951037406
2017-04-19 18:06:00,700.115,700.19,699.92,700.19,854.0,7.85646944549e-05,-0.000135684241347,0.000414421881475,7.54,1,Consumer Discretionary,2,0.4243297951037406
2017-04-19 18:08:00,700.06,700.06,700.06,700.06,100.0,-0.000135684241347,0.000135702654058,2.85816362987e-05,-0.704142011834,1,Consumer Discretionary,2,0.4243297951037406
2017-04-19 18:10:00,700.155,700.155,699.77,699.77,338.0,0.000221428571429,-0.000685185713878,-0.000399982857877,-0.718333333333,0,Consumer Discretionary,2,0.4243297951037406
2017-04-19 18:11:00,700.0,700.06,699.75,699.77,1200.0,-0.0007565700255519999,2.85502198367e-05,-0.000699480385999,-0.636363636364,-1,Consumer Discretionary,2,0.4243297951037406
2017-04-19 18:14:00,700.53,700.54,700.03,700.03,3300.0,1.42751099183e-05,0.000157050870205,0.0005856222593589999,32.0,-1,Consumer Discretionary,2,0.4243297951037406
2017-04-19 18:15:00,700.52,700.52,700.52,700.52,100.0,0.000157050870205,0.000485665719142,5.71371434285e-05,-0.75,1,Consumer Discretionary,2,0.4243297951037406
2017-04-19 18:17:00,700.41,700.41,700.11,700.28,400.0,0.000485665719142,-0.000185661239646,-0.000171382053443,3.0,1,Consumer Discretionary,2,0.4243297951037406
2017-04-19 18:18:00,700.07,700.07,700.07,700.07,100.0,-0.000185661239646,-0.000499607451288,-0.000513881949896,-0.6632996633,-1,Consumer Discretionary,2,0.4243297951037406
2017-04-19 18:22:00,700.2,700.2,700.19,700.19,297.0,-0.000499607451288,0.00024986614313799994,0.00024986614313799994,1.97,-1,Consumer Discretionary,2,0.4243297951037406
2017-04-19 18:24:00,700.55,700.55,700.55,700.55,100.0,0.00024986614313799994,7.13908362722e-06,7.13908362722e-06,-0.5,1,Consumer Discretionary,2,0.4243297951037406
2017-04-19 18:25:00,700.375,700.375,700.375,700.375,200.0,7.13908362722e-06,-4.99710881561e-05,-4.99710881561e-05,1.0,1,Consumer Discretionary,2,0.4243297951037406
2017-04-19 18:26:00,700.37,700.37,700.37,700.37,100.0,-4.99710881561e-05,0.000421362357344,0.000592865612366,0.0,-1,Consumer Discretionary,2,0.4243297951037406
2017-04-19 18:28:00,700.405,700.405,700.405,700.405,100.0,0.000578571428571,-3.57073992872e-05,0.00022862695226,-0.908088235294,1,Consumer Discretionary,2,0.4243297951037406
2017-04-19 18:29:00,700.0,700.11,699.99,700.11,1088.0,-0.000192819956151,1.57115025338e-05,-0.000185724898566,2.62666666667,1,Consumer Discretionary,2,0.4243297951037406
2017-04-19 18:33:00,700.135,700.135,699.83,700.0,300.0,0.000250014286531,0.000348631193919,0.00034299434059300004,0.25,-1,Consumer Discretionary,2,0.4243297951037406
2017-04-19 18:35:00,699.96,700.1239999999998,699.96,700.1239999999998,240.0,0.00011430530948200003,0.000307289917318,0.000471839746064,-0.4,1,Consumer Discretionary,2,0.4243297951037406
2017-04-19 18:36:00,699.88,699.88,699.72,699.88,400.0,0.000307289917318,9.29102344196e-05,-0.00030017152658700003,0.333333333333,1,Consumer Discretionary,2,0.4243297951037406
2017-04-19 18:37:00,699.665,699.665,699.39,699.52,300.0,9.29102344196e-05,-1.42936779062e-05,-1.42936779062e-05,0.0,-1,Consumer Discretionary,2,0.4243297951037406
2017-04-19 18:39:00,699.6,699.6,699.6,699.6,300.0,-1.42936779062e-05,7.1468900308e-06,0.00030025736345400003,0.5,-1,Consumer Discretionary,2,0.4243297951037406
2017-04-19 18:40:00,699.61,699.61,699.61,699.61,200.0,7.1468900308e-06,7.1469411092e-06,0.00103051468483,0.0,1,Consumer Discretionary,2,0.4243297951037406
2017-04-19 18:41:00,699.605,699.605,699.4,699.4,200.0,0.00132392511593,0.0008583690987119999,1.43129088124e-05,-0.833333333333,-1,Consumer Discretionary,2,0.4243297951037406
2017-04-19 18:44:00,698.68,699.6,698.68,699.6,1200.0,-0.000429196829666,-0.000157342907411,-2.86249982111e-05,1.41448692153,1,Consumer Discretionary,2,0.4243297951037406
2017-04-19 18:45:00,698.98,699.0,698.67,698.67,497.0,-0.000185950708758,0.00037919710379300014,-0.000221794532407,0.656666666667,-1,Consumer Discretionary,2,0.4243297951037406
2017-04-19 18:46:00,699.11,699.11,698.69,698.81,300.0,0.00037919710379300014,7.15517426428e-05,7.15517426428e-05,2.0,-1,Consumer Discretionary,2,0.4243297951037406
2017-04-19 18:48:00,698.845,698.845,698.845,698.845,100.0,7.15517426428e-05,-0.00033618013533,-2.1465062034e-05,-0.305555555556,1,Consumer Discretionary,2,0.4243297951037406
2017-04-19 18:49:00,698.795,698.795,698.795,698.795,144.0,-7.51236857827e-05,-2.8610256777e-05,-0.00034332308132500004,-0.882448979592,-1,Consumer Discretionary,2,0.4243297951037406
2017-04-19 18:50:00,698.8475,699.03,698.81,698.98,1225.0,-0.00028967884986799995,-0.000200231696678,0.000200311914266,11.25,-1,Consumer Discretionary,2,0.4243297951037406
2017-04-19 18:51:00,699.05,699.05,699.05,699.05,100.0,-0.000200231696678,3.57569386341e-05,-0.000364720774066,-0.8569384835480001,-1,Consumer Discretionary,2,0.4243297951037406
2017-04-19 18:52:00,699.19,699.19,698.91,699.1,699.0,3.57569386341e-05,-9.29593981952e-05,-9.29593981952e-05,5.99,-1,Consumer Discretionary,2,0.4243297951037406
2017-04-19 18:54:00,699.165,699.165,699.165,699.165,100.0,-9.29593981952e-05,-0.000200180162146,-0.000200180162146,0.0,-1,Consumer Discretionary,2,0.4243297951037406
2017-04-19 18:55:00,699.23,699.23,699.23,699.23,100.0,-0.000200180162146,0.000200220242266,0.00107354498869,0.0,-1,Consumer Discretionary,2,0.4243297951037406
2017-04-19 18:56:00,699.37,699.37,699.37,699.37,100.0,0.0004935445799509999,0.00070842307885,-0.00016458313953100006,-0.888888888889,1,Consumer Discretionary,2,0.4243297951037406
2017-04-19 18:59:00,699.025,699.23,698.62,699.23,900.0,0.000415035743164,0.000150294147117,0.0009382878753150002,8.0,1,Consumer Discretionary,2,0.4243297951037406
2017-04-19 19:01:00,698.735,698.735,698.735,698.735,100.0,0.0009382878753150002,0.000701864955453,0.000401261106334,-0.8571428571430001,1,Consumer Discretionary,2,0.4243297951037406
2017-04-19 19:02:00,698.08,698.63,698.08,698.63,700.0,0.000401261106334,5.72983813207e-05,0.000100325340748,-0.125,1,Consumer Discretionary,2,0.4243297951037406
2017-04-19 19:04:00,697.8,698.14,697.8,698.14,800.0,0.000100325340748,-4.29719393236e-05,-0.000530010027217,1.66666666667,1,Consumer Discretionary,2,0.4243297951037406
2017-04-19 19:06:00,697.73,698.1,697.73,698.1,300.0,-0.000572959190982,-0.000629858138769,-0.0003937712546980001,-0.625,0,Consumer Discretionary,2,0.4243297951037406
2017-04-19 19:07:00,698.13,698.13,698.1,698.1,800.0,-0.000350814390549,0.000257735649136,7.87604536601e-05,3.0,-1,Consumer Discretionary,2,0.4243297951037406
2017-04-19 19:09:00,698.375,698.57,698.375,698.57,200.0,-2.14779707613e-05,-0.000209437934721,0.00103211009174,-0.333333333333,1,Consumer Discretionary,2,0.4243297951037406
2017-04-19 19:11:00,698.39,698.39,698.32,698.32,300.0,0.00113245412844,0.0006249820942560001,-0.000573065902579,-0.625,-1,Consumer Discretionary,2,0.4243297951037406
2017-04-19 19:13:00,697.6,698.5363,697.6,698.5363,800.0,-0.000594543097211,-0.00093023255814,-0.000601357349446,0.333333333333,1,Consumer Discretionary,2,0.4243297951037406
2017-04-19 19:14:00,698.015,698.1,698.0,698.0,600.0,-0.0010518783542,0.000379392542431,-9.30585481436e-05,0.0,-1,Consumer Discretionary,2,0.4243297951037406
2017-04-19 19:23:00,698.75,698.75,698.42,698.71,600.0,0.000379392542431,-0.000207549060304,2.14755107592e-05,5.0,1,Consumer Discretionary,2,0.4243297951037406
2017-04-19 19:26:00,698.485,698.485,698.485,698.485,100.0,-9.30498890558e-05,0.0,-0.000229019652749,-0.875,1,Consumer Discretionary,2,0.4243297951037406
2017-04-19 19:27:00,698.55,698.63,698.47,698.47,800.0,-0.000114509826375,0.0,0.00101730857405,0.6,-1,Consumer Discretionary,2,0.4243297951037406
2017-04-19 19:29:00,698.63,698.63,698.63,698.63,500.0,0.00101730857405,0.0006302009481660001,-0.000372396803117,-0.583333333333,0,Consumer Discretionary,2,0.4243297951037406
2017-04-19 19:30:00,697.92,698.63,697.92,698.63,1200.0,-0.000386714218193,-0.000400876200839,-0.000415193208012,5.0,1,Consumer Discretionary,2,0.4243297951037406
2017-04-19 19:31:00,698.19,698.19,698.18,698.18,200.0,-0.000400876200839,-0.000615252539705,-2.14750495716e-05,1.0,-1,Consumer Discretionary,2,0.4243297951037406
2017-04-19 19:32:00,698.47,698.47,698.47,698.47,100.0,-0.000186086458632,0.000386470664014,-0.000207549060304,-0.923076923077,-1,Consumer Discretionary,2,0.4243297951037406
2017-04-19 19:34:00,698.6,698.9,698.485,698.6,1300.0,-4.29411848904e-05,0.000343647532181,0.0005155598837130001,5.5,-1,Consumer Discretionary,2,0.4243297951037406
2017-04-19 19:35:00,698.63,698.63,698.63,698.63,200.0,0.0005155598837130001,-4.2954096389e-05,7.01783532721e-05,-0.333333333333,1,Consumer Discretionary,2,0.4243297951037406
2017-04-19 19:38:00,698.27,698.39,698.27,698.39,300.0,-0.000214770481945,0.000214816618214,0.000316618911175,-0.222797927461,1,Consumer Discretionary,2,0.4243297951037406
2017-04-19 19:40:00,698.42,698.42,698.221,698.221,386.0,0.000429725548616,0.00027217510887,-5.73033064007e-05,-0.5175,-1,Consumer Discretionary,2,0.4243297951037406
2017-04-19 19:41:00,698.12,698.27,698.0,698.27,800.0,0.000114606612802,0.000428501205966,0.000371176629917,3.0,1,Consumer Discretionary,2,0.4243297951037406
2017-04-19 19:42:00,698.04,698.08,698.04,698.08,200.0,0.000371176629917,-0.000528539712096,-0.000528539712096,0.785714285714,1,Consumer Discretionary,2,0.4243297951037406
2017-04-19 19:46:00,697.7810000000002,697.7810000000002,697.7810000000002,697.7810000000002,112.0,-0.000528539712096,0.00017191238198900006,0.00017191238198900006,0.12,-1,Consumer Discretionary,2,0.4243297951037406
2017-04-19 19:48:00,698.15,698.15,698.15,698.15,100.0,0.00017191238198900006,-0.000272120535075,-0.000272120535075,0.0,1,Consumer Discretionary,2,0.4243297951037406
2017-04-19 19:50:00,698.03,698.03,698.03,698.03,100.0,-0.000272120535075,0.00020055008022,0.000329517614866,0.0,-1,Consumer Discretionary,2,0.4243297951037406
2017-04-19 19:51:00,698.22,698.22,698.22,698.22,100.0,0.00020055008022,-0.000415252659765,1.43270580819e-05,-0.666666666667,1,Consumer Discretionary,2,0.4243297951037406
2017-04-19 19:52:00,698.08,698.08,697.99,698.02,300.0,-0.00028641805579400004,0.000171858216971,-0.000386680988185,-0.795221843003,-1,Consumer Discretionary,2,0.4243297951037406
2017-04-19 19:53:00,698.28,698.37,697.98,698.15,1465.0,4.29645542427e-05,-0.000314974157802,-0.000128877051293,13.65,-1,Consumer Discretionary,2,0.4243297951037406
2017-04-19 19:54:00,698.25,698.25,698.25,698.25,100.0,-0.000128877051293,-0.0006581488847239999,-0.000658271322267,-0.923076923077,-1,Consumer Discretionary,2,0.4243297951037406
2017-04-19 19:56:00,698.34,698.47,698.34,698.44,1300.0,-0.0008441474825800001,-8.58381378847e-05,-0.00012877562992799998,5.5,-1,Consumer Discretionary,2,0.4243297951037406
2017-04-19 19:57:00,698.93,698.93,698.8,698.8,200.0,5.7233613301e-05,-0.000300343249428,-0.000443363844394,-0.714285714286,-1,Consumer Discretionary,2,0.4243297951037406
2017-04-19 19:58:00,698.89,698.99,698.89,698.99,700.0,-0.000443363844394,-0.00011440338634,-4.29043376285e-05,6.0,-1,Consumer Discretionary,2,0.4243297951037406
2017-04-19 20:00:00,699.2,699.2,699.2,699.2,100.0,-4.29043376285e-05,0.000114416475972,4.29061784897e-05,-0.888888888889,-1,Consumer Discretionary,2,0.4243297951037406
2017-04-19 20:02:00,699.23,699.28,699.23,699.23,900.0,4.29061784897e-05,-0.0005146091829150001,-0.0005146091829150001,8.0,1,Consumer Discretionary,2,0.4243297951037406
2017-04-19 20:03:00,699.2,699.2,699.2,699.2,100.0,-0.0005146091829150001,0.0004868284584700001,0.000930019601952,0.0,-1,Consumer Discretionary,2,0.4243297951037406
2017-04-19 20:04:00,699.56,699.56,699.56,699.56,100.0,0.000930019601952,-5.72066016437e-07,-0.0004433511627240001,-0.777777777778,1,Consumer Discretionary,2,0.4243297951037406
2017-04-19 20:05:00,698.91,699.2196,698.91,699.2196,450.0,-0.0004433511627240001,-6.43532852352e-05,0.000515124631543,3.5,-1,Consumer Discretionary,2,0.4243297951037406
2017-04-19 20:06:00,699.22,699.22,699.22,699.22,100.0,0.000371981229255,0.00010011513240200002,-0.000479122419354,-0.974968710889,-1,Consumer Discretionary,2,0.4243297951037406
2017-04-19 20:08:00,698.96,699.265,698.86,699.265,3995.0,-0.000336100801636,0.000278969957082,0.00103798302003,18.975,1,Consumer Discretionary,2,0.4243297951037406
2017-04-19 20:09:00,699.195,699.195,699.195,699.195,200.0,0.000429249028824,0.0005654125006259999,-4.29491768074e-05,-0.886428165815,1,Consumer Discretionary,2,0.4243297951037406
2017-04-19 20:11:00,698.895,699.0,698.47,698.92,1761.0,0.000565497494631,0.000780735180357,0.000630318310747,4.87,1,Consumer Discretionary,2,0.4243297951037406
2017-04-19 20:12:00,698.5,698.605,698.5,698.605,300.0,0.000630318310747,0.000300924267393,0.000300924267393,2.0,1,Consumer Discretionary,2,0.4243297951037406
2017-04-19 20:14:00,698.06,698.06,698.06,698.06,100.0,0.000300924267393,0.0011907836217,0.00203897017647,0.0,1,Consumer Discretionary,2,0.4243297951037406
2017-04-19 20:15:00,697.85,697.85,697.85,697.85,100.0,0.00189510860982,0.000157839606262,0.0,-0.875,1,Consumer Discretionary,2,0.4243297951037406
2017-04-19 20:16:00,696.53,697.02,696.43,696.76,800.0,0.000114868260464,-2.86972866715e-05,0.0005746878726490001,0.6,-1,Consumer Discretionary,2,0.4243297951037406
2017-04-19 20:17:00,696.45,696.91,696.43,696.91,500.0,-0.000100499626716,-2.86964631611e-05,-0.00111938692039,-0.888888888889,1,Consumer Discretionary,2,0.4243297951037406
2017-04-19 20:18:00,696.52,696.93,696.03,696.53,4500.0,-0.00061697395796,-0.000258201483224,-0.000459024859065,8.0,-1,Consumer Discretionary,2,0.4243297951037406
2017-04-19 20:21:00,696.95,696.95,696.81,696.81,500.0,-0.000258201483224,-0.000544795056702,-0.000544795056702,0.666666666667,-1,Consumer Discretionary,2,0.4243297951037406
2017-04-19 20:23:00,697.13,697.13,697.13,697.13,300.0,-0.000544795056702,0.000473335437046,0.000889666948873,2.0,-1,Consumer Discretionary,2,0.4243297951037406
2017-04-19 20:25:00,697.51,697.51,697.51,697.51,100.0,0.000889666948873,-0.00111754255258,1.43496728274e-05,-0.666666666667,1,Consumer Discretionary,2,0.4243297951037406
2017-04-19 20:26:00,696.89,697.18,696.89,697.1753,300.0,-0.0015330391426400002,-0.00098761897946,-0.00216925951646,-0.785714285714,1,Consumer Discretionary,2,0.4243297951037406
2017-04-19 20:28:00,697.96,697.96,696.88,696.88,1400.0,-0.00098761897946,-7.15614713039e-05,-0.000436524974954,2.5,-1,Consumer Discretionary,2,0.4243297951037406
2017-04-19 20:29:00,698.65,698.65,698.395,698.395,400.0,-7.15614713039e-05,0.000236208636647,0.00134716808072,3.0,-1,Consumer Discretionary,2,0.4243297951037406
2017-04-19 20:30:00,698.7,698.7,698.7,698.7,100.0,0.000759127433147,0.0011896145219,0.000172008485752,-0.941176470588,1,Consumer Discretionary,2,0.4243297951037406
2017-04-19 20:31:00,698.17,698.535,697.76,698.39,1700.0,0.0007597041454039999,2.1499519844e-05,0.000516291877008,7.5,1,Consumer Discretionary,2,0.4243297951037406
2017-04-19 20:32:00,697.64,697.705,697.64,697.705,200.0,0.000516291877008,-0.000587308408537,0.0,-0.8181818181820001,1,Consumer Discretionary,2,0.4243297951037406
2017-04-19 20:34:00,697.28,697.69,697.28,697.65,1100.0,-0.0005804911958830001,-0.0006929731151910001,-0.00117461681707,0.833333333333,1,Consumer Discretionary,2,0.4243297951037406
2017-04-19 20:37:00,697.685,698.1,697.28,697.28,600.0,-0.00121197094018,-0.000223115894324,-0.000415240768052,0.197604790419,-1,Consumer Discretionary,2,0.4243297951037406
2017-04-19 20:38:00,698.5316,698.5841,698.1,698.1,501.0,0.000202752043987,0.00010734758432200002,-0.000393607809179,0.002,-1,Consumer Discretionary,2,0.4243297951037406
2017-04-19 20:39:00,698.39,698.74,698.39,698.42,500.0,-0.000393607809179,-0.000407754488876,-0.000407754488876,4.0,-1,Consumer Discretionary,2,0.4243297951037406
2017-04-19 20:40:00,698.665,698.665,698.665,698.665,100.0,-0.000407754488876,0.000357807356519,0.000357807356519,0.0,-1,Consumer Discretionary,2,0.4243297951037406
2017-04-19 20:41:00,698.95,698.95,698.95,698.95,100.0,0.000357807356519,0.0,0.0,0.0,1,Consumer Discretionary,2,0.4243297951037406
2017-04-19 20:42:00,698.7,698.7,698.7,698.7,100.0,0.0,2.86254079122e-05,0.000415228877021,-0.5,0,Consumer Discretionary,2,0.4243297951037406
2017-04-19 20:43:00,698.7,698.7,698.7,698.7,200.0,0.00021831013639,0.000300657150629,0.00035808410679500003,-0.5,1,Consumer Discretionary,2,0.4243297951037406
2017-04-19 20:44:00,698.5475,698.68,698.41,698.42,400.0,0.000110956805589,7.15901606484e-05,-1.4323159116e-05,-0.274047186933,1,Consumer Discretionary,2,0.4243297951037406
2017-04-19 20:45:00,698.47,698.47,698.16,698.3,551.0,0.000429694773479,-0.000357822720311,0.000946222993219,1.755,-1,Consumer Discretionary,2,0.4243297951037406
2017-04-19 20:46:00,698.17,698.42,698.17,698.42,200.0,0.000917523260648,0.000888188525177,-1.43365064801e-05,-0.8666666666670001,0,Consumer Discretionary,2,0.4243297951037406
2017-04-19 20:48:00,697.53,698.67,697.51,698.42,1500.0,-0.00030097170865900005,0.000476984084669,-0.0002826360020940001,2.75,1,Consumer Discretionary,2,0.4243297951037406
2017-04-19 20:49:00,697.74,698.05,697.52,697.52,400.0,3.26779961852e-05,-0.00031922514829400004,-0.00031922514829400004,3.0,-1,Consumer Discretionary,2,0.4243297951037406
2017-04-19 20:51:00,697.7172,697.7172,697.7172,697.7172,100.0,-0.00031922514829400004,1.43280844785e-05,0.001104465195,0.0,-1,Consumer Discretionary,2,0.4243297951037406
2017-04-19 20:52:00,697.94,697.94,697.94,697.94,100.0,0.001104465195,0.0007814908551230001,-4.30292598969e-05,-0.8571428571430001,1,Consumer Discretionary,2,0.4243297951037406
2017-04-19 20:53:00,697.17,697.93,697.17,697.93,700.0,-0.00028679180349,0.00027969420100700004,1.43432923593e-05,0.75,1,Consumer Discretionary,2,0.4243297951037406
2017-04-19 20:56:00,697.37,697.385,697.2,697.385,400.0,0.00025817926246799995,5.73764613069e-05,0.000444839857651,3.0,1,Consumer Discretionary,2,0.4243297951037406
2017-04-19 20:58:00,697.19,697.19,697.19,697.19,100.0,0.000444839857651,1.43443210833e-05,-0.00032276342875200005,-0.666666666667,1,Consumer Discretionary,2,0.4243297951037406
2017-04-19 20:59:00,696.88,697.15,696.88,697.15,300.0,-0.000372952348165,-0.000229456474975,0.00017934517489699998,0.5,1,Consumer Discretionary,2,0.4243297951037406
2017-04-19 21:00:00,697.14,697.14,697.105,697.105,200.0,-0.000229456474975,-0.000243738081925,-0.000143455557468,-0.888205701509,1,Consumer Discretionary,2,0.4243297951037406
2017-04-19 21:01:00,697.3,697.3,696.98,697.09,1789.0,-0.000243738081925,-0.000386963625419,-0.000358510317927,0.987777777778,1,Consumer Discretionary,2,0.4243297951037406
2017-04-19 21:02:00,697.47,697.47,697.08,697.08,900.0,-0.000386963625419,0.000222195144678,-0.00035838183434199985,1.25,-1,Consumer Discretionary,2,0.4243297951037406
2017-04-19 21:04:00,697.74,697.74,697.33,697.33,400.0,0.000222195144678,-0.000250802568218,-7.16758531218e-06,1.0,-1,Consumer Discretionary,2,0.4243297951037406
2017-04-19 21:05:00,697.585,697.585,697.58,697.58,200.0,-0.000250802568218,0.000250865485926,0.0,-0.6,-1,Consumer Discretionary,2,0.4243297951037406
2017-04-19 21:07:00,697.76,697.76,697.585,697.76,500.0,0.000250865485926,-0.000250802568218,-0.000250802568218,4.0,1,Consumer Discretionary,2,0.4243297951037406
2017-04-19 21:08:00,697.585,697.585,697.585,697.585,100.0,-0.000250802568218,-7.16527421504e-05,0.000250865485926,0.0,-1,Consumer Discretionary,2,0.4243297951037406
2017-04-19 21:09:00,697.76,697.76,697.76,697.76,100.0,-7.16527421504e-05,-0.0004583673527850001,-0.000279457708733,-0.8571428571430001,1,Consumer Discretionary,2,0.4243297951037406
2017-04-19 21:11:00,697.81,697.81,697.585,697.75,700.0,-2.86602754254e-05,0.00042273603359,-7.88151927032e-05,1.33333333333,-1,Consumer Discretionary,2,0.4243297951037406
2017-04-19 21:12:00,697.83,698.13,697.78,698.13,300.0,-7.165017518460001e-06,-6.44809995987e-05,0.000566356962606,2.0,1,Consumer Discretionary,2,0.4243297951037406
2017-04-19 21:15:00,697.835,697.835,697.835,697.835,100.0,0.000229333142222,-5.73131591013e-05,-0.0002436891673,-0.958333333333,-1,Consumer Discretionary,2,0.4243297951037406
2017-04-19 21:16:00,697.675,697.88,697.44,697.88,2400.0,-9.31579098232e-05,0.000286647939001,4.3005820121000014e-05,3.0,-1,Consumer Discretionary,2,0.4243297951037406
2017-04-19 21:19:00,697.74,697.92,697.61,697.92,600.0,0.000229364373979,0.000473192904974,0.000272444399834,0.2,1,Consumer Discretionary,2,0.4243297951037406
2017-04-19 21:20:00,697.58,697.72,697.58,697.58,500.0,0.000272444399834,-0.000558915417467,-1.43389733295e-05,1.5,1,Consumer Discretionary,2,0.4243297951037406
2017-04-19 21:21:00,697.39,697.39,697.39,697.39,200.0,-0.000558915417467,1.43313699356e-05,-0.00042998423391199986,-0.807877041306,-1,Consumer Discretionary,2,0.4243297951037406
2017-04-19 21:22:00,697.78,697.78,697.4,697.5,1041.0,1.43313699356e-05,-0.00021492434663,-4.29965746062e-05,1.6025,-1,Consumer Discretionary,2,0.4243297951037406
2017-04-19 21:23:00,697.77,697.77,697.7,697.7,400.0,-0.00021492434663,0.0003726743686040001,0.000229367662027,-0.130434782609,-1,Consumer Discretionary,2,0.4243297951037406
2017-04-19 21:25:00,697.92,697.92,697.73,697.73,460.0,0.000501741760683,-0.000286590433611,-0.000401232356524,-0.08,1,Consumer Discretionary,2,0.4243297951037406
2017-04-19 21:26:00,697.57,697.66,697.57,697.66,500.0,-0.000401232356524,0.0005735095919480001,0.000559171852149,1.5,-1,Consumer Discretionary,2,0.4243297951037406
2017-04-19 21:27:00,697.85,697.86,697.85,697.86,200.0,0.000559171852149,-0.00030100190634500004,0.00012905631157100002,1.0,1,Consumer Discretionary,2,0.4243297951037406
2017-04-19 21:28:00,697.46,697.46,697.46,697.46,100.0,6.45239921712e-05,0.000430187705235,0.000588269054178,-0.8,1,Consumer Discretionary,2,0.4243297951037406
2017-04-19 21:29:00,697.415,697.67,697.37,697.42,500.0,0.000337072205169,0.0003155705371870001,0.0,-0.375,1,Consumer Discretionary,2,0.4243297951037406
2017-04-19 21:30:00,697.18,697.37,696.96,697.22,800.0,0.000136281802076,0.000129113706137,7.17452755737e-05,0.14285714285700002,1,Consumer Discretionary,2,0.4243297951037406
2017-04-19 21:31:00,697.085,697.15,696.96,697.15,700.0,0.000186525672389,-0.000215143213666,0.00015786452353600005,0.164725457571,1,Consumer Discretionary,2,0.4243297951037406
2017-04-19 21:32:00,696.955,697.06,696.91,697.06,601.0,-0.00015063265716,2.51006716223e-05,-0.000243912937429,-0.599333333333,1,Consumer Discretionary,2,0.4243297951037406
2017-04-19 21:33:00,697.06,697.21,696.8,696.8,1500.0,0.0,0.0004161270766,0.000287038764585,1.5,-1,Consumer Discretionary,2,0.4243297951037406
2017-04-19 21:34:00,697.06,697.1925,696.97,697.1925,600.0,0.000226000050222,-0.000455379937466,-0.000114802324747,1.0,1,Consumer Discretionary,2,0.4243297951037406
2017-04-19 21:35:00,696.9025,696.9025,696.77,696.88,300.0,-0.000455379937466,0.000545318868033,1.43504965272e-05,-0.25,-1,Consumer Discretionary,2,0.4243297951037406
2017-04-19 21:36:00,697.22,697.22,696.85,697.015,400.0,0.000545318868033,-0.000530686593709,1.43507024669e-05,3.0,1,Consumer Discretionary,2,0.4243297951037406
2017-04-19 21:37:00,696.84,696.84,696.84,696.84,100.0,1.43507024669e-05,0.000129102593528,7.17586612705e-05,-0.75,-1,Consumer Discretionary,2,0.4243297951037406
2017-04-19 21:38:00,696.83,697.21,696.83,697.0,400.0,-0.000210337047183,0.000251095854049,2.87042884207e-05,-0.636363636364,0,Consumer Discretionary,2,0.4243297951037406
2017-04-19 21:39:00,696.9766,697.12,696.78,697.0,1100.0,0.00031086744359599993,0.0,0.0,2.66666666667,1,Consumer Discretionary,2,0.4243297951037406
2017-04-19 21:40:00,696.76,696.945,696.76,696.945,300.0,-1.43519382292e-05,-0.000315563747463,-4.30545788544e-05,-0.4,0,Consumer Discretionary,2,0.4243297951037406
2017-04-19 21:41:00,696.77,696.945,696.76,696.945,500.0,-0.000566580364763,7.88971611366e-05,0.00012918042198899998,-0.732190680236,1,Consumer Discretionary,2,0.4243297951037406
2017-04-19 21:42:00,697.165,697.165,696.79,696.79,1867.0,0.0006243451552250001,0.000516684607104,0.00014355440712,0.0372222222222,-1,Consumer Discretionary,2,0.4243297951037406
2017-04-19 21:43:00,696.73,697.11,696.7,697.11,1800.0,0.000186620729256,-0.000487741898464,-7.17720519629e-05,1.0,1,Consumer Discretionary,2,0.4243297951037406
2017-04-19 21:44:00,696.6,696.75,696.6,696.75,900.0,-0.0007029221477859999,-0.0005018352833219999,-0.00060252198488,0.125,1,Consumer Discretionary,2,0.4243297951037406
2017-04-19 21:45:00,697.09,697.09,696.65,696.65,800.0,-0.00048033838764,-3.58440925351e-05,-0.000566336662055,-0.272727272727,-1,Consumer Discretionary,2,0.4243297951037406
2017-04-19 21:46:00,697.425,697.44,697.07,697.34,1100.0,-5.73505480563e-05,-2.86744517803e-05,-1.43374314491e-05,10.0,-1,Consumer Discretionary,2,0.4243297951037406
2017-04-19 21:47:00,697.465,697.465,697.465,697.465,100.0,-2.86744517803e-05,-1.43370203371e-05,0.000365738217492,-0.5,-1,Consumer Discretionary,2,0.4243297951037406
2017-04-19 21:48:00,697.485,697.485,697.475,697.475,200.0,2.86752740281e-05,5.01820892954e-05,-0.000344105755169,-0.75,1,Consumer Discretionary,2,0.4243297951037406
2017-04-19 21:49:00,697.465,697.495,697.22,697.34,800.0,7.168869899339999e-06,-0.000193522029258,0.000609725480069,7.0,-1,Consumer Discretionary,2,1.52225250868413
2017-04-19 21:50:00,697.46,697.46,697.46,697.46,100.0,0.000609725480069,0.00114092996556,0.0006962888522000001,-0.963396778917,-1,Consumer Discretionary,2,0.9650819795407167
2017-04-19 21:51:00,697.035,697.595,697.035,697.595,2732.0,0.0006962888522000001,8.61153371415e-05,5.74291826391e-05,0.245214220602,1,Consumer Discretionary,2,0.6349982996918939
2017-04-19 21:52:00,696.55,696.8,696.55,696.78,2194.0,5.74291826391e-05,-0.000416050959069,-0.00016508164363899998,1.7425,1,Consumer Discretionary,2,0.3715604185011753
2017-04-19 21:53:00,696.51,696.74,696.51,696.63,800.0,-0.0005022529632930001,-0.00041587793265699985,-7.89458574955e-05,-0.68,1,Consumer Discretionary,2,0.2755676361436103
2017-04-19 21:54:00,696.86,697.03,696.625,696.625,2500.0,-0.000659668444903,-0.000802430217229,-0.00114698629351,0.08695652173910001,-1,Consumer Discretionary,2,0.025809330253045125
2017-04-19 21:55:00,697.32,697.32,696.68,696.775,2300.0,-0.0006735550810409999,-7.16404223919e-05,0.000172077549616,0.916666666667,-1,Consumer Discretionary,2,0.01671299089396969
2017-04-19 21:56:00,697.79,697.88,697.48,697.48,1200.0,0.000250854697792,0.000473050458715,0.0,-0.434762129063,-1,Consumer Discretionary,2,0.32355427589534264
2017-04-19 21:57:00,697.615,697.93,697.36,697.93,2123.0,2.1502293578000006e-05,-0.000401215108615,-0.000114705207616,6.07666666667,1,Consumer Discretionary,2,0.4055596032708649
2017-04-19 21:58:00,697.6,697.6,697.36,697.36,300.0,-0.00018631848996,-0.000243535563355,0.00094721432877,-0.90099009901,-1,Consumer Discretionary,2,0.5370452004573085
2017-04-19 21:59:00,697.73,697.88,697.44,697.57,3030.0,0.0007171234743200001,-0.000243535563355,0.00094721432877,-0.320780094149,-1,Consumer Discretionary,2,0.7268736351663347
2017-04-19 22:00:00,697.23,698.05,696.78,697.885,4461.0,0.0007171234743200001,-0.000243535563355,0.00094721432877,-0.320780094149,-1,Consumer Discretionary,2,0.7699558881061286
