Date,Open,High,Low,Close,Volume,Feature_1,Feature_2,Feature_3,Feature_4,Label,Industry,Industry_ID
2017-04-13 15:30:00,65.29,65.31,65.29,65.29,471698.0,0.00415256844048,0.00268714011516,-0.000307692307692,2.67471935059,-1,Information Technology,3
2017-04-13 15:31:00,65.02,65.3,64.98,65.3,128363.0,-0.00153562653563,-0.00260356842025,-0.00145940548429,1.9982948706,1,Information Technology,3
2017-04-13 15:32:00,65.12,65.125,65.0,65.0099,42812.0,-0.00245098039216,-7.65696784073e-05,-0.00138068574058,-0.454645045412,-1,Information Technology,3
2017-04-13 15:33:00,65.28,65.295,65.095,65.1,78503.0,0.00145278153203,0.000596067182441,0.000537221795856,0.0958902197281,-1,Information Technology,3
2017-04-13 15:34:00,65.1853,65.3,65.185,65.28,71634.0,-0.000991570881226,-0.000595712098009,-0.000613591041571,0.398527947522,1,Information Technology,3
2017-04-13 15:35:00,65.25,65.2611,65.15,65.19,51221.0,-0.000612651248277,-0.000688652536537,-0.00130218307162,-0.601206789162,-1,Information Technology,3
2017-04-13 15:36:00,65.29,65.3,65.19,65.24,128440.0,7.65872711957e-05,-0.000229498164015,7.660487207e-05,0.844368816324,-1,Information Technology,3
2017-04-13 15:37:00,65.285,65.345,65.275,65.29,69639.0,-0.000765286599832,0.000153022188217,-0.000457887378082,-0.281605578881,1,Information Technology,3
2017-04-13 15:38:00,65.335,65.36,65.27,65.285,96937.0,0.000229638701776,0.000153045607591,-1.5313935682e-06,1.83981250915,-1,Information Technology,3
2017-04-13 15:39:00,65.32,65.35,65.2999,65.33,34135.0,0.000183744717339,0.000535946711584,0.000612932883849,-0.0277975563214,1,Information Technology,3
2017-04-13 15:40:00,65.308,65.34,65.3,65.32,35111.0,0.000582197027731,-0.000841493268054,-0.00015320974414,-0.354790694256,1,Information Technology,3
2017-04-13 15:41:00,65.27,65.305,65.26,65.3,54418.0,-0.00106979043433,0.0,-0.000688968843298,0.373567570296,1,Information Technology,3
2017-04-13 15:42:00,65.3399,65.36,65.27,65.27,39618.0,7.80594721343e-05,0.000153022188217,0.000229709035222,0.168396838504,-1,Information Technology,3
2017-04-13 15:43:00,65.3348,65.36,65.315,65.33,33908.0,0.000303146291051,-0.000611714329408,-0.000459207102403,1.13566794735,0,Information Technology,3
2017-04-13 15:44:00,65.315,65.35,65.3,65.33,15877.0,-0.00114696436764,0.0,-0.000153045607591,-0.850356742288,0,Information Technology,3
2017-04-13 15:45:00,65.39,65.39,65.33,65.33,106099.0,0.00030595074193,-0.000305763644703,-0.00030599755202,1.39934418815,-1,Information Technology,3
2017-04-13 15:46:00,65.37,65.39,65.34,65.38,44220.0,0.00015299877601,0.000305857164704,0.000153022188217,-0.121887287025,1,Information Technology,3
2017-04-13 15:47:00,65.36,65.41,65.36,65.37,50358.0,0.000153022188217,-0.000152905198777,0.0,0.118494991449,1,Information Technology,3
2017-04-13 15:48:00,65.35,65.39,65.35,65.36,45023.0,-0.000611714329408,7.64584448354e-05,-0.000229480608889,-0.3729649179,1,Information Technology,3
2017-04-13 15:49:00,65.39,65.4,65.35,65.35,71803.0,-7.64584448352e-05,-0.000611293650187,-7.64876854828e-05,0.633222636703,-1,Information Technology,3
2017-04-13 15:50:00,65.395,65.395,65.365,65.39,43964.0,-0.000611293650187,-0.00178941089786,-0.000917010545621,-0.439499215931,0,Information Technology,3
2017-04-13 15:51:00,65.435,65.435,65.37,65.39,78437.0,-0.00160207506866,-0.00148819497334,-0.00169664272244,-0.692396683844,-1,Information Technology,3
2017-04-13 15:52:00,65.54,65.5523,65.43,65.43,254994.0,-0.0016755521706,-0.00015229972586,-0.000896341463414,1.99841256776,-1,Information Technology,3
2017-04-13 15:53:00,65.65,65.65,65.5412,65.5412,85043.0,0.000457177689729,0.000457108029864,0.000152462265589,0.368879374175,-1,Information Technology,3
2017-04-13 15:54:00,65.62,65.66,65.6,65.655,62126.0,-0.000152369343288,-0.000456899177581,-0.000457177689729,0.810092651943,1,Information Technology,3
2017-04-13 15:55:00,65.63,65.63,65.59,65.61,34322.0,6.55231106106e-05,0.0001523229246,0.000304878048781,-0.350405026876,-1,Information Technology,3
2017-04-13 15:56:00,65.6257,65.66,65.62,65.63,52836.0,-6.55188176139e-05,0.0,-0.000457108029864,0.698469846985,1,Information Technology,3
2017-04-13 15:57:00,65.63,65.65,65.6,65.62,31108.0,0.0,0.000152346130408,0.000152392563243,2.76610169492,-1,Information Technology,3
2017-04-13 15:58:00,65.63,65.65,65.63,65.63,8260.0,-0.000152346130408,0.0,0.000457386796768,-0.530681818182,0,Information Technology,3
2017-04-13 15:59:00,65.64,65.64,65.62,65.63,17600.0,0.000609756097561,0.0,0.0,-0.241412008103,-1,Information Technology,3
2017-04-13 16:00:00,65.6,65.64,65.59,65.635,23201.0,-0.000152415790276,0.0,-0.00015243902439,0.124951512801,1,Information Technology,3
2017-04-13 16:01:00,65.61,65.64,65.59,65.59,20624.0,-0.000304738686576,-0.00106528686653,-0.000609384521633,-0.0220494096448,-1,Information Technology,3
2017-04-13 16:02:00,65.63,65.64,65.6,65.62,21089.0,-0.0003046458492,0.000984075045624,0.000228571428571,-0.783910896162,-1,Information Technology,3
2017-04-13 16:03:00,65.65,65.71,65.64,65.64,97594.0,0.000304738686576,6.0933810648e-06,0.000533617929562,4.51098311593,0,Information Technology,3
2017-04-13 16:04:00,65.63,65.6454,65.625,65.64,17709.0,-0.000228501789931,-0.000228449588791,-0.000457177689729,-0.48604016717,1,Information Technology,3
2017-04-13 16:05:00,65.645,65.645,65.59,65.625,34456.0,0.000228554014932,0.000228501789931,0.000152415790276,0.403160123799,-1,Information Technology,3
2017-04-13 16:06:00,65.63,65.66,65.62,65.6407,24556.0,0.000152392563243,0.000380981408107,9.45067206472e-05,-0.254975728155,1,Information Technology,3
2017-04-13 16:07:00,65.62,65.645,65.61,65.6301,32960.0,0.0,-0.000137134498469,-9.44977899709e-05,0.158890334376,1,Information Technology,3
2017-04-13 16:08:00,65.62,65.62,65.6038,65.61,28441.0,7.62020879374e-05,-0.000167580743449,0.0,0.775675844415,0,Information Technology,3
2017-04-13 16:09:00,65.615,65.629,65.61,65.61,16017.0,1.82888355803e-05,0.000152369343288,0.0,-0.186376104846,-1,Information Technology,3
2017-04-13 16:10:00,65.6138,65.64,65.61,65.62,19686.0,-8.68644229231e-05,-0.000152346130408,-7.62020879371e-05,0.421371841155,1,Information Technology,3
2017-04-13 16:11:00,65.6195,65.63,65.61,65.61,13850.0,-0.000225491854107,0.0,-7.61962816216e-05,0.0296632220653,-1,Information Technology,3
2017-04-13 16:12:00,65.6343,65.64,65.615,65.62,13451.0,-1.06650415176e-05,7.6178867982e-05,0.000228641109672,-0.706700682497,-1,Information Technology,3
2017-04-13 16:13:00,65.635,65.64,65.62,65.6313,45861.0,0.000228588844864,7.61846716442e-05,-7.62078951379e-05,-0.168913776231,1,Information Technology,3
2017-04-13 16:14:00,65.62,65.635,65.605,65.63,55182.0,0.0,0.0,0.0,0.786287712029,1,Information Technology,3
2017-04-13 16:15:00,65.62,65.63,65.61,65.615,30892.0,7.62020879374e-05,0.0,0.0,0.505311373161,-1,Information Technology,3
2017-04-13 16:16:00,65.615,65.63,65.61,65.625,20522.0,-7.61962816216e-05,-0.000913381032121,-0.000152392563243,0.342799188641,1,Information Technology,3
2017-04-13 16:17:00,65.62,65.63,65.61,65.61,15283.0,-0.00076138267093,0.000132457792401,-0.000350380086224,-0.656098109811,-1,Information Technology,3
2017-04-13 16:18:00,65.67,65.69,65.62,65.625,44440.0,0.0,-0.000284627092846,-0.000258909533963,1.38539989265,-1,Information Technology,3
2017-04-13 16:19:00,65.67,65.6813,65.643,65.67,18630.0,0.0,0.000380662352493,0.000762078951379,-0.0638190954774,0,Information Technology,3
2017-04-13 16:20:00,65.67,65.7,65.66,65.67,19900.0,0.000609477373153,0.0003808073115,0.0,0.0598072109496,-1,Information Technology,3
2017-04-13 16:21:00,65.63,65.675,65.61,65.675,18777.0,-0.000289417965239,-0.00015229972586,-0.000457038391225,-0.61184496124,1,Information Technology,3
2017-04-13 16:22:00,65.649,65.65,65.61,65.625,48375.0,0.000137111517367,-0.000152276534186,0.0,1.12665406427,-1,Information Technology,3
2017-04-13 16:23:00,65.64,65.66,65.64,65.65,22747.0,-0.0001523229246,-0.00030446034404,-7.61672633102e-05,0.942196038251,1,Information Technology,3
2017-04-13 16:24:00,65.65,65.67,65.64,65.64,11712.0,-4.56947892709e-05,0.000304553068372,0.0,-0.473807170456,-1,Information Technology,3
2017-04-13 16:25:00,65.653,65.69,65.645,65.65,22258.0,0.000121867621297,0.0003046458492,0.000533455265966,0.522226781562,-1,Information Technology,3
2017-04-13 16:26:00,65.645,65.67,65.645,65.66,14622.0,0.000380981408107,-0.000304553068372,-0.000152392563243,-0.567140319716,1,Information Technology,3
2017-04-13 16:27:00,65.62,65.65,65.61,65.6404,33780.0,-0.00076138267093,-0.00030446034404,-0.0004569687738,-0.173598199432,1,Information Technology,3
2017-04-13 16:28:00,65.67,65.67,65.62,65.6299,40876.0,-1.5227630231e-06,-0.00045648204504,-0.000228432193711,-0.507042932947,-1,Information Technology,3
2017-04-13 16:29:00,65.6701,65.69,65.65,65.6692,82920.0,-0.000683253442897,0.000152183838076,-0.00038057543005,0.328484227054,-1,Information Technology,3
2017-04-13 16:30:00,65.715,65.72,65.665,65.67,62417.0,7.60919190383e-05,-0.000608365019012,-0.000152207001522,-0.146632577726,-1,Information Technology,3
2017-04-13 16:31:00,65.71,65.71,65.69,65.7,73142.0,-0.00015216068168,0.0,-0.00030432136336,-0.0565366010964,-1,Information Technology,3
2017-04-13 16:32:00,65.72,65.75,65.7,65.71,77525.0,-0.000304228780043,0.0,0.000304414003044,1.15203753054,-1,Information Technology,3
2017-04-13 16:33:00,65.74,65.75,65.72,65.72,36024.0,0.000152137532329,-0.000152068126521,-0.00038037276531,-0.394004642869,-1,Information Technology,3
2017-04-13 16:34:00,65.73,65.75,65.7,65.75,59446.0,-0.000456204379562,-7.6028282521e-05,-0.000228171585032,-0.379147562899,1,Information Technology,3
2017-04-13 16:35:00,65.76,65.76,65.725,65.73,95749.0,0.0,-0.000379996960024,-0.000304136253042,0.0840286662063,-1,Information Technology,3
2017-04-13 16:36:00,65.76,65.765,65.74,65.76,88327.0,-0.000304043782305,-0.000303905181583,-0.000304043782305,-0.0368355051524,0,Information Technology,3
2017-04-13 16:37:00,65.78,65.79,65.76,65.76,91705.0,-0.000303951367781,-0.00015192950471,7.60167236791e-05,0.315295028829,-1,Information Technology,3
2017-04-13 16:38:00,65.8,65.81,65.78,65.78,69722.0,-0.00030385900942,-0.000151906425642,-0.000379939209726,-0.0155596972778,-1,Information Technology,3
2017-04-13 16:39:00,65.82,65.82,65.775,65.8,70824.0,0.000150432836297,0.00015192950471,0.000456135015965,0.264962760542,-1,Information Technology,3
2017-04-13 16:40:00,65.8101,65.83,65.8,65.815,55989.0,0.00060970047134,0.000760225026608,0.000304182509506,0.0160974193314,1,Information Technology,3
2017-04-13 16:41:00,65.77,65.82,65.77,65.81,55102.0,0.000152068126521,0.000152068126521,0.0,1.3646897262,1,Information Technology,3
2017-04-13 16:42:00,65.76,65.77,65.75,65.7662,23302.0,0.000152091254753,7.60398448789e-05,0.00045648204504,0.501417525773,1,Information Technology,3
2017-04-13 16:43:00,65.75,65.76,65.75,65.75,15520.0,0.000304275064658,0.0,0.0,-0.732349187735,-1,Information Technology,3
2017-04-13 16:44:00,65.73,65.755,65.72,65.7548,57986.0,-0.000304182509506,-0.000152056565042,-0.000304228780043,0.945773631757,1,Information Technology,3
2017-04-13 16:45:00,65.75,65.755,65.72,65.72,29801.0,-0.000228084847563,-7.60225026607e-05,-0.000152091254753,0.261845280942,-1,Information Technology,3
2017-04-13 16:46:00,65.765,65.765,65.74,65.755,23617.0,7.60340632603e-05,0.000152068126521,0.000304275064658,0.861365069357,-1,Information Technology,3
2017-04-13 16:47:00,65.76,65.77,65.75,65.76,12688.0,0.000456412596988,0.000304228780043,0.00015216068168,-0.133333333333,1,Information Technology,3
2017-04-13 16:48:00,65.73,65.76,65.73,65.75,14640.0,-0.000152114390021,-0.000152091254753,-0.000304228780043,-0.506439215157,1,Information Technology,3
2017-04-13 16:49:00,65.74,65.74,65.72,65.735,29662.0,-7.60514107538e-05,-0.000395280953539,0.000152137532329,1.19930303255,-1,Information Technology,3
2017-04-13 16:50:00,65.745,65.75,65.74,65.75,13487.0,-0.000380112513304,-0.000212798297614,-0.000608180021286,-0.515796653981,1,Information Technology,3
2017-04-13 16:51:00,65.77,65.776,65.73,65.7498,27854.0,-0.000228015505054,-0.000303905181583,0.0,0.658963668851,-1,Information Technology,3
2017-04-13 16:52:00,65.785,65.79,65.77,65.77,16790.0,0.000152033447358,0.000303997568019,7.6028282521e-05,-0.543675599282,-1,Information Technology,3
2017-04-13 16:53:00,65.775,65.81,65.77,65.79,36794.0,-0.000227998176015,-0.000303905181583,-0.000364802626579,1.3124882157,1,Information Technology,3
2017-04-13 16:54:00,65.79,65.79,65.765,65.775,15911.0,-0.000227946204696,-0.00015192950471,-0.00016717325228,-0.229640747555,-1,Information Technology,3
2017-04-13 16:55:00,65.805,65.81,65.789,65.79,20654.0,7.59878419454e-05,0.000253786664195,0.000304043782305,-0.473689575211,-1,Information Technology,3
2017-04-13 16:56:00,65.8,65.82,65.8,65.8,39243.0,0.000304043782305,-0.000709187547456,0.0,0.681578609076,0,Information Technology,3
2017-04-13 16:57:00,65.78,65.8033,65.78,65.8,23337.0,-0.00106302201974,-0.000151837230489,-0.000759532128209,-0.694137537845,1,Information Technology,3
2017-04-13 16:58:00,65.85,65.85,65.78,65.781,76299.0,7.59359100918e-05,0.000227807730276,7.59589821496e-05,1.4829639754,-1,Information Technology,3
2017-04-13 16:59:00,65.845,65.86,65.83,65.85,30729.0,0.000227859638463,0.0,7.59647523551e-05,1.32742558509,1,Information Technology,3
2017-04-13 17:00:00,65.83,65.845,65.825,65.84,13203.0,-0.000151883353585,-7.59301442672e-05,0.0,-0.424906350727,1,Information Technology,3
2017-04-13 17:01:00,65.84,65.845,65.82,65.83,22958.0,0.00030385900942,2.12608924106e-05,-0.000151906425642,0.923747276688,-1,Information Technology,3
2017-04-13 17:02:00,65.82,65.85,65.82,65.84,11934.0,-0.000227842333105,0.000130619684083,0.00015192950471,-0.658667734462,1,Information Technology,3
2017-04-13 17:03:00,65.835,65.8486,65.83,65.83,34963.0,0.000151917964299,0.000252189950686,0.000760225026608,2.78838444035,0,Information Technology,3
2017-04-13 17:04:00,65.825,65.84,65.82,65.83,9229.0,0.000684098510185,0.000507675938592,0.000152068126521,-0.560753890819,1,Information Technology,3
2017-04-13 17:05:00,65.78,65.8234,65.77,65.82,21011.0,0.000152045005322,0.0,-0.000243249817563,-0.303025276985,1,Information Technology,3
2017-04-13 17:06:00,65.77,65.79,65.76,65.79,30146.0,-0.000152021891152,7.60051683516e-05,0.000243309002433,2.31383972738,1,Information Technology,3
2017-04-13 17:07:00,65.78,65.79,65.776,65.776,9097.0,0.000152045005322,0.000304113130084,0.000304228780043,-0.593521000894,-1,Information Technology,3
2017-04-13 17:08:00,65.77,65.785,65.76,65.785,22380.0,0.000456343170064,0.000228136882129,0.0,-0.311405802898,1,Information Technology,3
2017-04-13 17:09:00,65.74,65.765,65.74,65.765,32501.0,-0.000152091254753,0.0,0.0,0.386324859239,1,Information Technology,3
2017-04-13 17:10:00,65.75,65.75,65.74,65.75,23444.0,0.000152114390021,0.0,0.00030432136336,0.0112582495794,1,Information Technology,3
2017-04-13 17:11:00,65.74,65.75,65.74,65.7498,23183.0,0.00030432136336,0.000304275064658,0.0,-0.382066796386,1,Information Technology,3
2017-04-13 17:12:00,65.72,65.75,65.72,65.7412,37517.0,0.0,8.21610173361e-05,0.00137132408959,3.11912604304,1,Information Technology,3
2017-04-13 17:13:00,65.72,65.73,65.72,65.7264,9108.0,0.00136979830901,0.00113632901752,0.0,-0.919532816793,1,Information Technology,3
2017-04-13 17:14:00,65.6301,65.7246,65.63,65.72,113189.0,-0.000175193779554,-7.61556621734e-05,0.0,6.22237110771,1,Information Technology,3
2017-04-13 17:15:00,65.6416,65.65,65.63,65.64,15672.0,2.43753808653e-05,0.000298619342611,0.000304831580552,-0.709895968309,-1,Information Technology,3
2017-04-13 17:16:00,65.64,65.655,65.63,65.645,54022.0,0.000457247370828,0.000234684547394,0.00015243902439,-0.141144674086,1,Information Technology,3
2017-04-13 17:17:00,65.61,65.6354,65.61,65.6354,62900.0,0.0,-0.000152369343288,0.0,0.914938959418,1,Information Technology,3
2017-04-13 17:18:00,65.61,65.62,65.6,65.61,32847.0,-7.62020879371e-05,0.0,-0.000152415790276,0.2864024438,0,Information Technology,3
2017-04-13 17:19:00,65.615,65.63,65.6,65.61,25534.0,0.0,7.61904761904e-05,0.00015243902439,1.13870508418,-1,Information Technology,3
2017-04-13 17:20:00,65.615,65.63,65.61,65.615,11939.0,-0.000114290068193,-0.0003808073115,-0.000304785126486,-0.517499191723,1,Information Technology,3
2017-04-13 17:21:00,65.6225,65.625,65.6,65.613,24744.0,-0.000342752684896,7.15969003112e-05,-0.000152369343288,0.158915273289,-1,Information Technology,3
2017-04-13 17:22:00,65.645,65.65,65.62,65.63,21351.0,7.61730652041e-05,4.57003579877e-06,0.0,2.22571385406,-1,Information Technology,3
2017-04-13 17:23:00,65.64,65.6453,65.63,65.6453,6619.0,-7.61672633102e-05,-0.000228449588791,0.0,-0.595390916315,1,Information Technology,3
2017-04-13 17:24:00,65.645,65.645,65.63,65.635,16359.0,0.000228554014932,0.000307740121085,0.000304831580552,-0.71977937272,-1,Information Technology,3
2017-04-13 17:25:00,65.63,65.66,65.63,65.65,58379.0,-7.61788679822e-05,-3.04692260827e-06,-0.000152392563243,3.31414425067,1,Information Technology,3
2017-04-13 17:26:00,65.635,65.6398,65.61,65.625,13532.0,0.000228588844864,7.6178867982e-05,0.0,0.0529919850595,-1,Information Technology,3
2017-04-13 17:27:00,65.62,65.64,65.62,65.63,12851.0,-0.000152369343288,-7.61730652041e-05,0.000152415790276,-0.155872306884,1,Information Technology,3
2017-04-13 17:28:00,65.63,65.635,65.62,65.62,15224.0,0.000152392563243,0.000152369343288,0.00016768548301,-0.321629088317,-1,Information Technology,3
2017-04-13 17:29:00,65.62,65.64,65.61,65.63,22442.0,0.000152415790276,0.0,-1.52439024389e-05,-0.540791062184,1,Information Technology,3
2017-04-13 17:30:00,65.61,65.63,65.599,65.62,48871.0,-0.000233141791352,-0.000456899177581,-0.000304785126486,1.64553672928,1,Information Technology,3
2017-04-13 17:31:00,65.6253,65.63,65.6,65.61,18473.0,-0.0002239488117,0.00038089433991,0.0,-0.488197484346,-1,Information Technology,3
2017-04-13 17:32:00,65.64,65.66,65.62,65.62,36094.0,0.000152369343288,-0.0002284843869,0.0,4.51980425141,-1,Information Technology,3
2017-04-13 17:33:00,65.63,65.635,65.62,65.635,6539.0,-0.0003046458492,0.0,-5.02870169589e-05,-0.577283599457,1,Information Technology,3
2017-04-13 17:34:00,65.65,65.65,65.62,65.625,15469.0,0.000228536603946,0.000152346130408,5.02895458701e-05,0.635546627194,-1,Information Technology,3
2017-04-13 17:35:00,65.635,65.65,65.6233,65.64,9458.0,-7.61730652041e-05,-0.0001523229246,0.000152415790276,-0.283430562921,1,Information Technology,3
2017-04-13 17:36:00,65.64,65.64,65.62,65.6375,13199.0,0.000381010439686,0.000478522857848,0.00015243902439,0.0297238258699,1,Information Technology,3
2017-04-13 17:37:00,65.615,65.65,65.61,65.635,12818.0,7.62078951379e-05,-9.75238095238e-05,-0.000152415790276,-0.19093606009,1,Information Technology,3
2017-04-13 17:38:00,65.61,65.6186,65.6,65.615,15843.0,0.0,-7.6184671644e-05,0.0,0.337413472902,0,Information Technology,3
2017-04-13 17:39:00,65.61,65.625,65.61,65.615,11846.0,-7.62020879371e-05,0.0,0.0,-0.297765131306,-1,Information Technology,3
2017-04-13 17:40:00,65.615,65.63,65.61,65.62,16869.0,0.0,0.000152392563243,0.0,-0.208585503167,1,Information Technology,3
2017-04-13 17:41:00,65.615,65.63,65.61,65.6165,21315.0,-7.61962816216e-05,4.72439264885e-05,0.00015243902439,0.833232992173,1,Information Technology,3
2017-04-13 17:42:00,65.62,65.62,65.61,65.615,11627.0,0.000221018054889,0.00010516689529,0.0,0.267524255969,0,Information Technology,3
2017-04-13 17:43:00,65.6055,65.6169,65.6,65.615,9173.0,8.38414634148e-05,0.0,0.000610128126907,3.2408691632,1,Information Technology,3
2017-04-13 17:44:00,65.6,65.61,65.6,65.605,2163.0,0.000610128126907,0.000457456541629,0.0,-0.965658490117,1,Information Technology,3
2017-04-13 17:45:00,65.56,65.61,65.56,65.6,62985.0,-0.000152508769254,-0.000457247370828,-0.000152508769254,1.78559108399,1,Information Technology,3
2017-04-13 17:46:00,65.57,65.58,65.56,65.565,22611.0,-0.000495407949392,0.0,-0.000304924531179,-0.0204479487068,-1,Information Technology,3
2017-04-13 17:47:00,65.6025,65.61,65.57,65.57,23083.0,3.81097560977e-05,-0.000152392563243,-7.62253220519e-05,0.319028571429,-1,Information Technology,3
2017-04-13 17:48:00,65.6,65.61,65.59,65.6036,17500.0,7.62253220519e-05,7.62020879374e-05,7.62311327946e-05,-0.111133685494,1,Information Technology,3
2017-04-13 17:49:00,65.595,65.62,65.595,65.595,19688.0,-0.000228623685414,7.62078951379e-05,0.0,1.24595026238,0,Information Technology,3
2017-04-13 17:50:00,65.61,65.615,65.59,65.595,8766.0,0.000231725685573,0.0,0.0,-0.220592157909,-1,Information Technology,3
2017-04-13 17:51:00,65.5948,65.61,65.59,65.6068,11247.0,7.6226135503e-06,0.00015243902439,0.0,0.644779175197,1,Information Technology,3
2017-04-13 17:52:00,65.5943,65.61,65.59,65.59,6838.0,-8.68902439023e-05,7.62253220519e-05,0.00045759609518,-0.408477508651,-1,Information Technology,3
2017-04-13 17:53:00,65.6,65.6,65.59,65.6,11560.0,0.000457526307763,0.000228728270814,0.0,-0.628056628057,1,Information Technology,3
2017-04-13 17:54:00,65.57,65.595,65.56,65.59,31080.0,-0.000152485513876,0.0,-0.000152508769254,-0.00858081597499,1,Information Technology,3
2017-04-13 17:55:00,65.58,65.58,65.56,65.57,31349.0,1.524857464e-06,0.0,0.000305110602593,7.80342600393,-1,Information Technology,3
2017-04-13 17:56:00,65.5799,65.58,65.57,65.58,3561.0,0.000227255395409,0.000155559419123,0.000152578577968,-0.868461879433,1,Information Technology,3
2017-04-13 17:57:00,65.565,65.58,65.55,65.575,27072.0,0.000381446444919,-3.05017538497e-06,-0.000152555301297,4.27410870836,1,Information Technology,3
2017-04-13 17:58:00,65.54,65.5698,65.54,65.56,5133.0,-0.000305064063453,-7.62485703395e-05,0.0,-0.828074758842,1,Information Technology,3
2017-04-13 17:59:00,65.56,65.57,65.55,65.55,29856.0,0.0,0.000152520399604,0.000152578577968,1.06102443739,0,Information Technology,3
2017-04-13 18:00:00,65.56,65.575,65.55,65.55,14486.0,0.0,7.62660158633e-05,0.000152601861743,-0.524924570379,-1,Information Technology,3
2017-04-13 18:01:00,65.56,65.565,65.54,65.56,30492.0,0.000381475547417,0.000305157155935,0.000458015267176,0.444639219216,0,Information Technology,3
2017-04-13 18:02:00,65.535,65.56,65.53,65.56,21107.0,0.000534351145038,0.000479326378521,0.000152695067949,-0.506580639129,1,Information Technology,3
2017-04-13 18:03:00,65.5,65.54,65.5,65.54,42777.0,0.0,-2.13707830866e-05,0.0,0.11648483583,1,Information Technology,3
2017-04-13 18:04:00,65.5,65.5086,65.49,65.5,38314.0,0.000152695067949,0.0,0.000917010545621,0.412237375599,0,Information Technology,3
2017-04-13 18:05:00,65.49,65.51,65.49,65.5,27130.0,0.000917010545621,0.000916730328495,7.64233855561e-05,-0.561116862948,1,Information Technology,3
2017-04-13 18:06:00,65.43,65.51,65.43,65.485,61816.0,-0.000305576776165,-0.000305483427524,-0.000229217603912,0.428478994315,1,Information Technology,3
2017-04-13 18:07:00,65.45,65.45,65.425,65.43,43274.0,0.0,0.000152765047357,0.000152835090937,0.385122591383,-1,Information Technology,3
2017-04-13 18:08:00,65.45,65.47,65.44,65.45,31242.0,0.000305670181874,0.000152788388082,0.000229305205228,1.07739876322,1,Information Technology,3
2017-04-13 18:09:00,65.43,65.46,65.43,65.4468,15039.0,-0.000152811735941,-0.000152765047357,-0.000229252636405,-0.441635108042,1,Information Technology,3
2017-04-13 18:10:00,65.44,65.45,65.415,65.4347,26934.0,0.000152835090937,0.00045850527281,0.000305763644703,-0.200913783896,1,Information Technology,3
2017-04-13 18:11:00,65.43,65.46,65.43,65.43,33706.0,0.000152858453073,-0.000458295142071,0.0,0.495850530333,0,Information Technology,3
2017-04-13 18:12:00,65.42,65.43,65.41,65.43,22533.0,-0.000458365164248,-0.000152741713762,-0.00061115355233,0.754360012457,1,Information Technology,3
2017-04-13 18:13:00,65.45,65.46,65.41,65.41,12844.0,0.0,0.0,0.000152811735941,-0.419611387257,-1,Information Technology,3
2017-04-13 18:14:00,65.45,65.47,65.45,65.45,22130.0,0.0,-0.000305390135899,0.0,-0.650830716799,-1,Information Technology,3
2017-04-13 18:15:00,65.45,65.47,65.44,65.46,63379.0,-0.000610780271797,0.0,-0.000458225141286,1.25620305436,1,Information Technology,3
2017-04-13 18:16:00,65.49,65.49,65.44,65.445,28091.0,0.000305483427524,0.000152718387294,0.000152765047357,1.57149395826,-1,Information Technology,3
2017-04-13 18:17:00,65.47,65.49,65.47,65.485,10924.0,0.0,0.000152741713762,0.000305623471883,-0.361393663042,1,Information Technology,3
2017-04-13 18:18:00,65.47,65.48,65.46,65.47,17106.0,0.000229165075243,1.68018708118e-05,-0.000152788388083,-0.399093687428,0,Information Technology,3
2017-04-13 18:19:00,65.455,65.47,65.44,65.47,28467.0,-0.000206206038018,-1.68015885137e-05,0.0,0.284438027343,1,Information Technology,3
2017-04-13 18:20:00,65.4685,65.4689,65.45,65.45,22163.0,0.000282658517953,0.000229165075243,0.000152811735941,1.84323284157,-1,Information Technology,3
2017-04-13 18:21:00,65.45,65.47,65.45,65.47,7795.0,7.64000305602e-05,-7.63825236785e-05,0.0,-0.835801402903,1,Information Technology,3
2017-04-13 18:22:00,65.445,65.455,65.44,65.45,47473.0,-7.63941940414e-05,-0.000152741713762,-7.64000305599e-05,2.06336710331,1,Information Technology,3
2017-04-13 18:23:00,65.45,65.46,65.44,65.44,15497.0,-0.000229130069503,0.0,0.000229252636405,-0.11622469347,-1,Information Technology,3
2017-04-13 18:24:00,65.465,65.47,65.445,65.45,17535.0,0.000382029339853,0.000152765047357,0.0,-0.54365647365,-1,Information Technology,3
2017-04-13 18:25:00,65.44,65.47,65.43,65.46,38425.0,-0.000305530094714,-0.000152741713762,-0.00022920009168,0.839132723879,1,Information Technology,3
2017-04-13 18:26:00,65.46,65.46,65.43,65.44,20893.0,-7.63766898344e-05,-0.000152718387294,-0.000128335579206,0.865779603501,-1,Information Technology,3
2017-04-13 18:27:00,65.465,65.47,65.445,65.45,11198.0,0.0,-0.000152695067949,-0.000100824931256,-0.313385247409,-1,Information Technology,3
2017-04-13 18:28:00,65.465,65.48,65.4534,65.4699,16309.0,-0.000152730049637,0.0,-0.000152741713762,0.920061219684,1,Information Technology,3
2017-04-13 18:29:00,65.475,65.49,65.46,65.46,8494.0,-7.63591936471e-05,-0.000152671755725,-0.000142029618521,0.0274585702189,-1,Information Technology,3
2017-04-13 18:30:00,65.48,65.49,65.47,65.485,8267.0,-0.000152695067949,0.000152695067949,-1.06902871107e-05,-0.627947794779,1,Information Technology,3
2017-04-13 18:31:00,65.49,65.5,65.4793,65.4793,22220.0,0.000152718387294,-0.000152671755725,0.0,1.1769373959,-1,Information Technology,3
2017-04-13 18:32:00,65.48,65.49,65.48,65.49,10207.0,-7.63533633656e-05,0.0,7.63650248188e-05,-0.717867212118,1,Information Technology,3
2017-04-13 18:33:00,65.485,65.5,65.48,65.4801,36178.0,-7.63475339746e-05,0.000305436774588,0.000152753379668,0.761601012806,-1,Information Technology,3
2017-04-13 18:34:00,65.49,65.5,65.475,65.49,20537.0,0.000381883449171,0.0,7.63825236787e-05,1.79225016995,1,Information Technology,3
2017-04-13 18:35:00,65.465,65.48,65.465,65.48,7355.0,-0.000229077580941,0.0,0.0,-0.28778929021,1,Information Technology,3
2017-04-13 18:36:00,65.48,65.48,65.46,65.465,10327.0,0.000168018451481,0.000152741713762,0.00045850527281,-0.519383813469,-1,Information Technology,3
2017-04-13 18:37:00,65.469,65.48,65.46,65.475,21487.0,0.000515012539103,0.000458435207824,0.000152858453073,0.106835625612,1,Information Technology,3
2017-04-13 18:38:00,65.4353,65.47,65.43,65.465,19413.0,0.000165075774366,0.0,0.0,2.51430123099,1,Information Technology,3
2017-04-13 18:39:00,65.4245,65.44,65.42,65.435,5524.0,-0.000236858190709,-0.000152788388083,0.000458785747056,-0.759909596662,1,Information Technology,3
2017-04-13 18:40:00,65.44,65.44,65.42,65.43,23008.0,0.000611620795107,0.000688020793517,0.000152951973081,-0.393920236025,-1,Information Technology,3
2017-04-13 18:41:00,65.4,65.45,65.39,65.44,37962.0,0.000206464637196,0.000227863239236,0.000152975370965,0.364852232689,1,Information Technology,3
2017-04-13 18:42:00,65.3865,65.405,65.38,65.4,27814.0,0.000186617676977,-0.000151376146789,0.0,0.922050998549,1,Information Technology,3
2017-04-13 18:43:00,65.3743,65.3901,65.37,65.39,14471.0,-0.000392966360856,-0.000305716906145,-0.000457187243406,-0.0485239003222,1,Information Technology,3
2017-04-13 18:44:00,65.4,65.4,65.37,65.3754,15209.0,-0.000152881822351,0.000152881822351,0.000457396359186,0.177167182663,-1,Information Technology,3
2017-04-13 18:45:00,65.41,65.42,65.3999,65.3999,12920.0,0.000382350692055,0.000305857164704,0.0,-0.618440093323,-1,Information Technology,3
2017-04-13 18:46:00,65.385,65.41,65.37,65.41,33861.0,7.64759865404e-05,7.64701384109e-05,0.0,1.91202270382,1,Information Technology,3
2017-04-13 18:47:00,65.38,65.39,65.37,65.38,11628.0,7.03628582004e-05,0.000152963671128,0.000306044376435,1.907,0,Information Technology,3
2017-04-13 18:48:00,65.3754,65.385,65.37,65.38,4000.0,8.26067003212e-05,-7.64759865402e-05,0.0,-0.8907998908,1,Information Technology,3
2017-04-13 18:49:00,65.37,65.375,65.35,65.375,36630.0,0.000306044376435,-0.000152928582352,0.0,1.78258887876,1,Information Technology,3
2017-04-13 18:50:00,65.35,65.38,65.35,65.37,13164.0,-0.000458855919241,-0.000152905198777,-0.000458855919241,-0.545049248315,1,Information Technology,3
2017-04-13 18:51:00,65.38,65.39,65.35,65.36,28935.0,-0.000152928582352,7.64584448354e-05,0.00030599755202,2.64696244013,-1,Information Technology,3
2017-04-13 18:52:00,65.39,65.4,65.38,65.38,7934.0,0.000458996328029,0.000382438427413,0.0,-0.338998583687,-1,Information Technology,3
2017-04-13 18:53:00,65.36,65.395,65.36,65.395,12003.0,0.0,-9.0247323555e-05,0.0,0.385547731733,1,Information Technology,3
2017-04-13 18:54:00,65.36,65.37,65.36,65.36,8663.0,0.0,9.02554688695e-05,0.000153022188217,-0.49118994479,0,Information Technology,3
2017-04-13 18:55:00,65.36,65.3759,65.36,65.36,17026.0,0.000153022188217,0.00015299877601,0.000765696784073,-0.227074632286,-1,Information Technology,3
2017-04-13 18:56:00,65.35,65.37,65.35,65.3646,22028.0,0.000541992142645,0.000460738497993,0.000536275185781,-0.798862277089,1,Information Technology,3
2017-04-13 18:57:00,65.3146,65.36,65.3,65.35,109517.0,0.000683315458863,0.000457886676876,-7.66048720698e-05,1.43311634934,1,Information Technology,3
2017-04-13 18:58:00,65.27,65.3299,65.265,65.32,45011.0,-0.00038287770886,-0.000306184935701,7.66107408258e-05,0.362442110361,1,Information Technology,3
2017-04-13 18:59:00,65.295,65.3,65.27,65.27,33037.0,-0.000154658671375,7.65520936997e-05,-0.000300223942553,-0.635018836241,-1,Information Technology,3
2017-04-13 19:00:00,65.3051,65.32,65.265,65.295,90517.0,0.000231275846224,0.000229709035222,0.000300314104037,6.49126872465,-1,Information Technology,3
2017-04-13 19:01:00,65.29,65.315,65.2846,65.305,12083.0,0.00030641948828,0.00030637254902,7.66166104811e-05,-0.477672588942,1,Information Technology,3
2017-04-13 19:02:00,65.27,65.3,65.265,65.3,23133.0,0.0,0.0,0.0,-0.00558827322357,1,Information Technology,3
2017-04-13 19:03:00,65.27,65.28,65.26,65.26,23263.0,0.000153233220962,0.00015320974414,0.000153256704981,1.17289370446,-1,Information Technology,3
2017-04-13 19:04:00,65.26,65.28,65.26,65.28,10706.0,-0.00015320974414,-0.00015318627451,0.000459981600736,-0.859244553713,1,Information Technology,3
2017-04-13 19:05:00,65.27,65.27,65.25,65.26,76061.0,0.000541123052608,0.000306466441925,-0.000306560392397,0.1639020658,-1,Information Technology,3
2017-04-13 19:06:00,65.2347,65.28,65.22,65.27,65350.0,-0.000387680049035,0.0,0.000153303694619,4.44855761214,1,Information Technology,3
2017-04-13 19:07:00,65.26,65.26,65.24,65.24,11994.0,0.000153256704981,0.0,0.000153327200245,-0.533760932945,-1,Information Technology,3
2017-04-13 19:08:00,65.25,65.26,65.23,65.25,25725.0,0.000229937916762,0.0,-0.000153303694619,0.0161557908042,0,Information Technology,3
2017-04-13 19:09:00,65.235,65.26,65.22,65.25,25316.0,-0.000306489924144,-0.00015320974414,-0.000153280196199,-0.288556654676,1,Information Technology,3
2017-04-13 19:10:00,65.255,65.26,65.23,65.23,35584.0,-7.66166104813e-05,0.0,0.000460052139242,0.177420422209,-1,Information Technology,3
2017-04-13 19:11:00,65.26,65.27,65.24,65.26,30222.0,0.000640925385859,0.000766636001227,0.000460263884627,-0.627096057746,0,Information Technology,3
2017-04-13 19:12:00,65.2182,65.27,65.21,65.26,81045.0,0.000432581684307,0.000460193281178,0.000532655464017,-0.158472385185,1,Information Technology,3
2017-04-13 19:13:00,65.19,65.22,65.18,65.215,96307.0,0.000383641525359,-0.000153374233129,8.13632176851e-05,0.36117196444,1,Information Technology,3
2017-04-13 19:14:00,65.165,65.19,65.1453,65.19,70753.0,-0.000383494400982,-0.000306654400491,-0.000766988801963,0.391789283185,1,Information Technology,3
2017-04-13 19:15:00,65.19,65.2,65.14,65.16,50836.0,-0.000395609652876,-0.000153303694619,-0.000306701426162,3.87168183996,-1,Information Technology,3
2017-04-13 19:16:00,65.2158,65.22,65.19,65.19,10435.0,8.8943413587e-05,8.12575604028e-05,0.0,-0.522971428571,-1,Information Technology,3
2017-04-13 19:17:00,65.21,65.23,65.21,65.22,21875.0,-8.74022666322e-05,-0.000387739463602,-0.000153327200245,2.08576668077,1,Information Technology,3
2017-04-13 19:18:00,65.2157,65.2247,65.21,65.21,7089.0,-0.000372470876763,0.000153280196199,0.0,-0.786128039582,-1,Information Technology,3
2017-04-13 19:19:00,65.24,65.25,65.22,65.224,33146.0,0.0,-0.000229867443108,0.0,2.57484900777,-1,Information Technology,3
2017-04-13 19:20:00,65.24,65.24,65.22,65.24,9272.0,0.000306654400491,0.000229920294298,0.0,-0.299750774111,1,Information Technology,3
2017-04-13 19:21:00,65.22,65.255,65.22,65.2343,13241.0,-0.000229937916762,0.0,0.0,-0.154307977263,1,Information Technology,3
2017-04-13 19:22:00,65.235,65.24,65.22,65.22,15657.0,7.66518473095e-05,0.0,-0.000153303694619,-0.223594168402,-1,Information Technology,3
2017-04-13 19:23:00,65.23,65.24,65.22,65.23,20166.0,-7.66459722541e-05,7.66459722541e-05,0.000306701426162,4.05920722529,-1,Information Technology,3
2017-04-13 19:24:00,65.235,65.24,65.23,65.235,3986.0,0.000153315446531,-0.000229885057471,-0.000229973169797,-0.709411678939,0,Information Technology,3
2017-04-13 19:25:00,65.225,65.235,65.21,65.235,13717.0,-0.000383141762452,-0.000306419488279,-0.000383141762452,0.654245055475,1,Information Technology,3
2017-04-13 19:26:00,65.25,65.25,65.225,65.225,8292.0,-0.000306419488279,-0.00038287770886,-3.06504015202e-05,-0.199459355088,-1,Information Technology,3
2017-04-13 19:27:00,65.27,65.27,65.25,65.25,10358.0,-0.00038287770886,-6.58506293329e-05,-0.000275777539452,-0.744725946372,-1,Information Technology,3
2017-04-13 19:28:00,65.295,65.295,65.252,65.26,40576.0,0.000229779411765,0.000372271160475,0.000306513409962,0.397630201157,-1,Information Technology,3
2017-04-13 19:29:00,65.28,65.2993,65.27,65.29,29032.0,0.00038311240518,7.660487207e-05,7.66342248447e-05,0.654527839517,1,Information Technology,3
2017-04-13 19:30:00,65.255,65.275,65.25,65.27,17547.0,-0.000153221481652,0.0,-0.000229849831443,-0.0184045647796,1,Information Technology,3
2017-04-13 19:31:00,65.265,65.27,65.245,65.25,17876.0,-7.66048720698e-05,-0.000459418070444,0.0,0.212672138932,-1,Information Technology,3
2017-04-13 19:32:00,65.27,65.27,65.26,65.265,14741.0,-0.000459418070444,-0.000153115908743,-0.000459488436208,-0.445368349763,1,Information Technology,3
2017-04-13 19:33:00,65.3,65.3,65.26,65.26,26578.0,0.0,0.000153139356815,0.00015318627451,-0.321366561128,-1,Information Technology,3
2017-04-13 19:34:00,65.3,65.31,65.29,65.3,39164.0,0.0,-7.65638159407e-05,0.0,0.461779635712,0,Information Technology,3
2017-04-13 19:35:00,65.3,65.3,65.28,65.3,26792.0,0.0,-2.75622140419e-05,-0.000153162812069,-0.0704323086531,1,Information Technology,3
2017-04-13 19:36:00,65.3,65.305,65.28,65.295,28822.0,-7.65638159407e-05,-0.000355120159192,-0.000153139356815,2.23442935697,-1,Information Technology,3
2017-04-13 19:37:00,65.305,65.3068,65.29,65.3,8911.0,-7.65579543714e-05,0.000306231817486,0.000229761813587,-0.704356192562,-1,Information Technology,3
2017-04-13 19:38:00,65.31,65.33,65.3,65.305,30141.0,0.000382936355978,0.000306325624138,0.00022981461621,0.717240200547,-1,Information Technology,3
2017-04-13 19:39:00,65.285,65.31,65.285,65.31,17552.0,0.00022981461621,-0.000306231817486,-4.74927650135e-05,0.161999337968,1,Information Technology,3
2017-04-13 19:40:00,65.27,65.29,65.27,65.29,15105.0,-0.000535946711584,0.0,-0.000483885539632,-0.261224689426,1,Information Technology,3
2017-04-13 19:41:00,65.305,65.31,65.2731,65.2731,20446.0,-7.65579543714e-05,0.0,0.00030175384851,-0.00248816900034,-1,Information Technology,3
2017-04-13 19:42:00,65.31,65.31,65.3047,65.305,20497.0,6.58441759295e-05,0.0,-7.65814060348e-05,0.544262789121,0,Information Technology,3
2017-04-13 19:43:00,65.3057,65.31,65.285,65.305,13273.0,1.07189342316e-05,0.0,0.000459699662887,-0.414176634153,-1,Information Technology,3
2017-04-13 19:44:00,65.305,65.31,65.29,65.31,22657.0,0.00068954949433,0.000766166104811,0.000306560392397,-0.0382052043978,1,Information Technology,3
2017-04-13 19:45:00,65.26,65.31,65.26,65.305,23557.0,0.000173183527028,0.000153256704981,0.000766988801963,0.0240838151545,1,Information Technology,3
2017-04-13 19:46:00,65.2487,65.26,65.24,65.26,23003.0,0.000746932515337,0.000920386562356,0.000613967766692,-0.518100305862,1,Information Technology,3
2017-04-13 19:47:00,65.2,65.25,65.19,65.24,47734.0,0.000306842589751,-0.000153374233129,-0.000153468385512,0.163052482822,1,Information Technology,3
2017-04-13 19:48:00,65.18,65.19,65.15,65.19,41042.0,0.000306936771025,0.000306842589751,0.0,0.383609210127,1,Information Technology,3
2017-04-13 19:49:00,65.16,65.2,65.16,65.18,29663.0,0.0,-7.67047633657e-05,0.0,0.480780750799,1,Information Technology,3
2017-04-13 19:50:00,65.16,65.18,65.16,65.16,20032.0,-0.000306842589752,-0.000230061349693,-0.000306842589752,0.307742525134,-1,Information Technology,3
2017-04-13 19:51:00,65.18,65.185,65.16,65.17,15318.0,-0.000306748466258,-0.000153350713081,-0.000153397760393,-0.423181201988,-1,Information Technology,3
2017-04-13 19:52:00,65.2,65.2,65.18,65.181,26556.0,-7.66812361015e-05,-7.6669477881e-05,-4.90848738827e-05,1.14854368932,-1,Information Technology,3
2017-04-13 19:53:00,65.205,65.21,65.19,65.2,12360.0,-0.000153338955762,0.0,-0.000104294478528,-0.0823372187987,0,Information Technology,3
2017-04-13 19:54:00,65.215,65.215,65.1932,65.2,13469.0,0.000153362472203,-7.66636001226e-05,0.0,-0.351329223656,-1,Information Technology,3
2017-04-13 19:55:00,65.205,65.215,65.2,65.21,20764.0,7.66871165643e-05,0.000230043708305,0.000153397760393,0.61487011977,-1,Information Technology,3
2017-04-13 19:56:00,65.2,65.22,65.2,65.22,12858.0,0.000153397760393,7.66871165643e-05,7.67047633657e-05,-0.0210886943281,1,Information Technology,3
2017-04-13 19:57:00,65.19,65.205,65.19,65.2,13135.0,7.67047633657e-05,7.66929979294e-05,7.67106474378e-05,0.752501667779,1,Information Technology,3
2017-04-13 19:58:00,65.185,65.2,65.185,65.19,7495.0,-0.000153385995858,7.66988801963e-05,0.000153444836581,-0.239703793873,1,Information Technology,3
2017-04-13 19:59:00,65.195,65.195,65.18,65.18,9858.0,0.000230131942313,-0.000459981600736,-0.000153421294876,2.06625194401,-1,Information Technology,3
2017-04-13 20:00:00,65.18,65.19,65.17,65.19,3215.0,-0.000613308800981,0.0,-0.000383406180507,-0.693867834698,1,Information Technology,3
2017-04-13 20:01:00,65.22,65.22,65.18,65.18,10502.0,0.0,0.0,0.000230096640589,-0.668873754572,-1,Information Technology,3
2017-04-13 20:02:00,65.22,65.22,65.205,65.215,31716.0,0.000383464989647,0.000306748466258,0.000306889673162,-0.172532547158,1,Information Technology,3
2017-04-13 20:03:00,65.195,65.22,65.19,65.2146,38329.0,0.0,-0.000919399325774,-0.000460122699387,0.859728287239,1,Information Technology,3
2017-04-13 20:04:00,65.195,65.2,65.17,65.2,20610.0,-0.000842911877395,0.0,-0.000559502732366,-0.474998089513,0,Information Technology,3
2017-04-13 20:05:00,65.25,65.26,65.2,65.2,39257.0,0.0,-0.000612557427259,-0.000360098069261,0.806580763921,-1,Information Technology,3
2017-04-13 20:06:00,65.25,65.26,65.2365,65.25,21730.0,-0.000306419488279,0.000229761813587,0.0,-0.239119016772,-1,Information Technology,3
2017-04-13 20:07:00,65.27,65.3,65.26,65.26,28559.0,0.0,0.000153198008426,7.66224810361e-05,0.401806312276,0,Information Technology,3
2017-04-13 20:08:00,65.27,65.285,65.26,65.26,20373.0,0.000229867443108,0.000229849831443,0.000229920294298,1.03526473526,-1,Information Technology,3
2017-04-13 20:09:00,65.255,65.275,65.255,65.27,10010.0,7.50956703513e-05,-0.000459488436208,-0.000153256704981,0.54475308642,1,Information Technology,3
2017-04-13 20:10:00,65.2501,65.26,65.24,65.255,6480.0,-0.000304887390838,0.00030641948828,0.0,-0.730650926927,1,Information Technology,3
2017-04-13 20:11:00,65.27,65.29,65.25,65.25,24058.0,0.000153233220962,0.000153233220962,7.66342248447e-05,-0.136561030758,-1,Information Technology,3
2017-04-13 20:12:00,65.26,65.27,65.25,65.2699,27863.0,7.66224810361e-05,3.98422247898e-05,0.000306630893063,0.118412074018,1,Information Technology,3
2017-04-13 20:13:00,65.255,65.26,65.245,65.26,24913.0,0.000383259236547,0.000343373955699,0.000153338955762,0.0819978284473,1,Information Technology,3
2017-04-13 20:14:00,65.23,65.2574,65.225,65.255,23025.0,0.0,-7.66400980993e-05,7.66753565406e-05,0.235976166192,1,Information Technology,3
2017-04-13 20:15:00,65.23,65.235,65.215,65.23,18629.0,7.81909976098e-05,0.0,0.0,0.00555975385944,-1,Information Technology,3
2017-04-13 20:16:00,65.2249,65.24,65.21,65.24,18526.0,7.66637176691e-05,0.000153303694619,0.0,0.903225806452,1,Information Technology,3
2017-04-13 20:17:00,65.2199,65.24,65.21,65.23,9734.0,-1.5332720025e-06,0.000153327200245,0.000153374233129,-0.451110860494,1,Information Technology,3
2017-04-13 20:18:00,65.22,65.23,65.21,65.22,17734.0,0.000306748466258,0.0,0.0,0.025738909133,0,Information Technology,3
2017-04-13 20:19:00,65.2,65.22,65.2,65.22,17289.0,-0.000306654400491,0.0,0.0,0.42955184389,1,Information Technology,3
2017-04-13 20:20:00,65.22,65.22,65.2,65.205,12094.0,0.000230043708305,-0.000153303694619,0.0,0.571261530466,-1,Information Technology,3
2017-04-13 20:21:00,65.205,65.22,65.2,65.22,7697.0,-0.000383259236548,-7.66459722541e-05,0.000153397760393,-0.350792847503,1,Information Technology,3
2017-04-13 20:22:00,65.23,65.23,65.2,65.21,11856.0,0.000613591041571,0.000306677911523,0.0,-0.69568788501,-1,Information Technology,3
2017-04-13 20:23:00,65.19,65.235,65.19,65.22,38960.0,-0.000223910582996,-0.00036787810972,-0.000153374233129,1.33867579086,1,Information Technology,3
2017-04-13 20:24:00,65.2046,65.215,65.19,65.19,16659.0,-0.000312763510924,-0.000321789764021,-0.000354168998407,-0.572648914884,-1,Information Technology,3
2017-04-13 20:25:00,65.225,65.239,65.2,65.2,38982.0,-0.000536316273368,-0.000918554807103,-0.000488851429009,0.411726360772,-1,Information Technology,3
2017-04-13 20:26:00,65.26,65.26,65.2231,65.225,27613.0,-0.000918554807103,0.0,-0.00022981461621,-0.546100106846,-1,Information Technology,3
2017-04-13 20:27:00,65.32,65.32,65.255,65.255,60835.0,0.000459488436207,0.000459488436207,0.0,-0.244707927246,-1,Information Technology,3
2017-04-13 20:28:00,65.29,65.32,65.27,65.315,80545.0,5.36098580871e-05,-7.65755417719e-05,0.0,3.73515579071,1,Information Technology,3
2017-04-13 20:29:00,65.2865,65.29,65.27,65.29,17010.0,9.95710784314e-05,0.000229779411765,0.000306513409962,0.561840051419,1,Information Technology,3
2017-04-13 20:30:00,65.28,65.295,65.27,65.285,10891.0,7.65990042129e-05,-0.000306278713629,-0.000459558823529,-0.765885640585,1,Information Technology,3
2017-04-13 20:31:00,65.275,65.28,65.25,65.27,46520.0,-0.000382848392037,-0.000229656281099,-0.000168476512842,-0.13092213421,-1,Information Technology,3
2017-04-13 20:32:00,65.3,65.3,65.28,65.28,53528.0,8.72970534946e-05,0.000306302167088,0.000168504901961,2.71490040947,-1,Information Technology,3
2017-04-13 20:33:00,65.2943,65.315,65.291,65.3,14409.0,-1.0720575848e-05,-7.65696784073e-05,0.000151677414314,-0.250740991108,1,Information Technology,3
2017-04-13 20:34:00,65.295,65.295,65.28,65.295,19231.0,0.000309460925196,0.000229761813587,0.000154765553172,-0.224368798903,-1,Information Technology,3
2017-04-13 20:35:00,65.2748,65.3,65.2701,65.3,24794.0,7.35406771871e-05,0.000153198008426,0.000459911083857,0.696360153257,1,Information Technology,3
2017-04-13 20:36:00,65.27,65.285,65.26,65.275,14616.0,0.000613214778476,0.000229849831443,-7.66459722541e-05,-0.550760719225,1,Information Technology,3
2017-04-13 20:37:00,65.23,65.275,65.23,65.2668,32535.0,-0.00038311240518,0.00013792892063,0.000153315446531,0.90341075294,1,Information Technology,3
2017-04-13 20:38:00,65.255,65.26,65.235,65.24,17093.0,0.000351054158919,0.000168608215819,7.66636001226e-05,-0.440527625033,-1,Information Technology,3
2017-04-13 20:39:00,65.2321,65.251,65.225,65.25,30552.0,0.000108853967037,-0.000306466441925,-0.000151770890343,1.26680516397,1,Information Technology,3
2017-04-13 20:40:00,65.225,65.24,65.22,65.24,13478.0,-0.000536316273368,0.000153256704981,-1.53303694624e-06,-0.450662319136,1,Information Technology,3
2017-04-13 20:41:00,65.26,65.26,65.2299,65.23,24535.0,0.000459911083857,-0.000306419488279,0.0,0.355300226482,-1,Information Technology,3
2017-04-13 20:42:00,65.23,65.25,65.23,65.25,18103.0,-0.000536275185781,7.66107408258e-05,-0.00038311240518,-0.180229135534,1,Information Technology,3
2017-04-13 20:43:00,65.265,65.27,65.23,65.23,22083.0,7.66166104811e-05,7.66166104811e-05,0.000229920294298,3.21753246753,-1,Information Technology,3
2017-04-13 20:44:00,65.26,65.265,65.255,65.2636,5236.0,0.000306560392397,0.0,0.000153303694619,-0.52854312984,1,Information Technology,3
2017-04-13 20:45:00,65.24,65.26,65.24,65.26,11106.0,-0.000153256704981,9.96115150912e-05,0.000153327200245,-0.256377636425,1,Information Technology,3
2017-04-13 20:46:00,65.25,65.26,65.23,65.24,14935.0,0.000306607389238,0.000206928264868,0.0,-0.221770621646,-1,Information Technology,3
2017-04-13 20:47:00,65.23,65.2535,65.22,65.2535,19191.0,0.0,-0.000153256704981,-0.000153303694619,-0.144328517924,1,Information Technology,3
2017-04-13 20:48:00,65.23,65.24,65.22,65.23,22428.0,0.0,0.000154813235459,0.000306701426162,1.00715947736,-1,Information Technology,3
2017-04-13 20:49:00,65.23,65.25,65.23,65.2352,11174.0,0.000306701426162,-1.53280196182e-06,0.000153374233129,0.204094827586,-1,Information Technology,3
2017-04-13 20:50:00,65.21,65.2399,65.21,65.2399,9280.0,-0.000306607389238,7.66459722541e-05,-0.000306654400491,-0.472757229703,1,Information Technology,3
2017-04-13 20:51:00,65.23,65.24,65.2,65.21,17601.0,0.0,-0.000229885057471,0.000306748466258,0.872247633231,-1,Information Technology,3
2017-04-13 20:52:00,65.23,65.235,65.22,65.23,9401.0,0.000153327200245,0.000459981600736,0.000153397760393,-0.530443034813,-1,Information Technology,3
2017-04-13 20:53:00,65.22,65.25,65.2,65.24,20021.0,0.000383464989647,0.000153350713081,0.0,-0.190449233755,1,Information Technology,3
2017-04-13 20:54:00,65.195,65.22,65.19,65.215,24731.0,-0.000230026069621,-0.000107333977337,-5.36863337603e-05,-0.0495388162952,1,Information Technology,3
2017-04-13 20:55:00,65.21,65.21,65.19,65.1952,26020.0,0.000253092716298,-4.59981600736e-05,-9.96932515338e-05,0.525652301378,-1,Information Technology,3
2017-04-13 20:56:00,65.1935,65.217,65.1935,65.21,17055.0,-0.000329678754888,-0.000229937916762,-0.000230008433643,0.143786466367,1,Information Technology,3
2017-04-13 20:57:00,65.215,65.22,65.2,65.2,14911.0,-0.000306583889017,-0.000383083052406,-0.000153315446531,0.0139398884809,-1,Information Technology,3
2017-04-13 20:58:00,65.235,65.235,65.215,65.22,14706.0,-0.00015326844969,-0.00030637254902,-0.000301940234226,-0.273741913181,-1,Information Technology,3
2017-04-13 20:59:00,65.245,65.26,65.225,65.235,20249.0,-0.000306442963303,-0.000306278713629,-0.000234446828072,-0.599069399069,-1,Information Technology,3
2017-04-13 21:00:00,65.265,65.28,65.2447,65.25,50505.0,-0.000382907030173,0.000153162812069,-0.00015320974414,0.578873327498,-1,Information Technology,3
2017-04-13 21:01:00,65.29,65.3,65.26,65.26,31988.0,0.00024818533623,0.00015318627451,0.0,0.0799459824443,-1,Information Technology,3
2017-04-13 21:02:00,65.2738,65.29,65.27,65.285,29620.0,-1.83837610113e-05,-0.000153162812069,-5.05566594612e-05,3.45882884239,1,Information Technology,3
2017-04-13 21:03:00,65.275,65.28,65.27,65.275,6643.0,-7.65931372548e-05,0.00015318627451,0.000280438280592,-0.795769668276,1,Information Technology,3
2017-04-13 21:04:00,65.28,65.29,65.2733,65.2733,32527.0,0.000154742078661,0.00015320974414,0.0,-0.355006940313,-1,Information Technology,3
2017-04-13 21:05:00,65.2699,65.28,65.255,65.275,50430.0,0.000101128812058,-0.00015318627451,-7.66166104813e-05,1.5644546148,1,Information Technology,3
2017-04-13 21:06:00,65.2633,65.27,65.255,65.27,19665.0,-0.000255821078431,-0.000153162812069,-8.12070119955e-05,0.00598526703499,0,Information Technology,3
2017-04-13 21:07:00,65.28,65.28,65.26,65.27,19548.0,0.0,0.0,5.05654132573e-05,0.0781534388616,-1,Information Technology,3
2017-04-13 21:08:00,65.28,65.29,65.2653,65.275,18131.0,0.00027581134504,0.00030641948828,0.000489038036121,-0.186987130622,-1,Information Technology,3
2017-04-13 21:09:00,65.262,65.29,65.262,65.282,22301.0,0.000395485941854,0.00043530508142,0.000461656441718,-0.314005352364,1,Information Technology,3
2017-04-13 21:10:00,65.2362,65.27,65.2301,65.27,32509.0,0.000248390064397,0.000177832285758,-0.000153350713081,-0.314951006216,1,Information Technology,3
2017-04-13 21:11:00,65.22,65.2416,65.2,65.24,47455.0,0.0,0.0,0.0,0.579569284026,1,Information Technology,3
2017-04-13 21:12:00,65.22,65.23,65.21,65.21,30043.0,0.000153350713081,0.0,0.000153374233129,0.134854379934,-1,Information Technology,3
2017-04-13 21:13:00,65.21,65.23,65.21,65.223,26473.0,7.66812361015e-05,0.000153327200245,-1.53371880798e-05,-0.122887813929,1,Information Technology,3
2017-04-13 21:14:00,65.205,65.23,65.2,65.22,30182.0,-0.000229990800368,0.000153350713081,1.53374233127e-05,1.23636633076,1,Information Technology,3
2017-04-13 21:15:00,65.22,65.22,65.201,65.21,13496.0,0.000153350713081,-0.000153327200245,0.0,1.3058260721,0,Information Technology,3
2017-04-13 21:16:00,65.21,65.21,65.2,65.21,5853.0,6.44114480613e-05,0.000268394616771,0.00107477352986,-0.726903695409,0,Information Technology,3
2017-04-13 21:17:00,65.2058,65.22,65.2,65.21,21432.0,0.000319091815602,-0.000115013034811,-0.000767106474379,-0.814760715304,1,Information Technology,3
2017-04-13 21:18:00,65.185,65.2025,65.13,65.2,115699.0,-0.000383376782702,-0.000613026819923,-0.000306748466258,10.9647362978,1,Information Technology,3
2017-04-13 21:19:00,65.21,65.21,65.18,65.18,9670.0,-0.000459840588596,-0.00030795111391,-0.000496685696065,-0.739416314102,-1,Information Technology,3
2017-04-13 21:20:00,65.24,65.25,65.2,65.2,37109.0,-0.000229867443108,0.000308045977011,0.000190125728304,-0.149909513665,-1,Information Technology,3
2017-04-13 21:21:00,65.255,65.2701,65.2324,65.24,43653.0,0.000464547939661,0.000306607389238,0.000306748466258,1.55221000935,-1,Information Technology,3
2017-04-13 21:22:00,65.2247,65.25,65.22,65.2402,17104.0,-8.12509581482e-05,0.0,-0.000203946127554,-0.295986828566,1,Information Technology,3
2017-04-13 21:23:00,65.23,65.23,65.2,65.22,24295.0,8.89240496627e-05,-0.000229902674534,-0.000256017170014,1.60089926132,0,Information Technology,3
2017-04-13 21:24:00,65.2242,65.23,65.2133,65.22,9341.0,-8.89161428792e-05,-6.74335702702e-05,0.000153327200245,-0.598995449472,-1,Information Technology,3
2017-04-13 21:25:00,65.23,65.245,65.23,65.23,23294.0,0.0,0.000297409167561,0.0,0.35793400956,1,Information Technology,3
2017-04-13 21:26:00,65.23,65.2494,65.22,65.225,17154.0,0.000153327200245,-0.000153280196199,0.000153350713081,-0.176792398503,-1,Information Technology,3
2017-04-13 21:27:00,65.22,65.23,65.22,65.23,20838.0,7.66694778808e-05,0.000383347389404,0.000153374233129,0.126743808803,1,Information Technology,3
2017-04-13 21:28:00,65.215,65.24,65.21,65.2257,18494.0,0.000153362472203,-7.66636001226e-05,0.0,0.0594637946838,1,Information Technology,3
2017-04-13 21:29:00,65.205,65.215,65.2,65.215,17456.0,-3.06724003617e-06,0.0,0.000153397760393,0.431993437244,1,Information Technology,3
2017-04-13 21:30:00,65.2052,65.22,65.2,65.21,12190.0,-0.000226924256363,0.0,-0.000230043708305,-0.603293413174,1,Information Technology,3
2017-04-13 21:31:00,65.22,65.22,65.19,65.205,30728.0,0.000153350713081,0.000153350713081,0.000613826440574,0.652131835045,-1,Information Technology,3
2017-04-13 21:32:00,65.21,65.22,65.205,65.21,18599.0,0.000690554745645,0.000460263884627,0.000691031941032,-0.426593908003,1,Information Technology,3
2017-04-13 21:33:00,65.165,65.21,65.165,65.205,32436.0,0.00023023791251,0.000458940201166,0.000225788069481,-0.685429435953,1,Information Technology,3
2017-04-13 21:34:00,65.15,65.18,65.12,65.16,103112.0,0.00030707815139,0.000155050660117,0.000388752304856,0.47779975349,1,Information Technology,3
2017-04-13 21:35:00,65.13,65.1501,65.1053,65.1498,69774.0,0.000614533722538,0.000153539075695,0.0,0.260163629468,1,Information Technology,3
2017-04-13 21:36:00,65.09,65.14,65.08,65.13,55369.0,-0.000537428023033,0.000153562653563,0.0,0.550865497731,1,Information Technology,3
2017-04-13 21:37:00,65.125,65.13,65.08,65.08,35702.0,0.000691456668715,0.000460900291904,0.000307408545958,-0.289300288643,-1,Information Technology,3
2017-04-13 21:38:00,65.08,65.12,65.08,65.12,50235.0,0.0,-0.000153609831029,-0.000153680651606,0.36928612315,1,Information Technology,3
2017-04-13 21:39:00,65.08,65.09,65.06,65.08,36687.0,8.75921830892e-05,0.0,0.000592020789925,0.214720879412,0,Information Technology,3
2017-04-13 21:40:00,65.0743,65.1,65.07,65.08,30202.0,6.60826801906e-05,0.000241225610477,-0.000284396617986,-0.513208581145,1,Information Technology,3
2017-04-13 21:41:00,65.07,65.1,65.0315,65.07,62043.0,7.68462306923e-05,-0.000241167434716,0.000153751537515,0.0953919491525,-1,Information Technology,3
2017-04-13 21:42:00,65.065,65.0843,65.05,65.075,56640.0,-0.000384083576586,7.68108149627e-05,-0.000614628149969,0.0182654969078,1,Information Technology,3
2017-04-13 21:43:00,65.09,65.1,65.04,65.065,55624.0,0.0,-7.68049155145e-05,0.0,1.35744861199,-1,Information Technology,3
2017-04-13 21:44:00,65.09,65.095,65.08,65.081,23595.0,0.000153657037492,7.68108149627e-05,-6.14590375515e-05,0.144721521444,-1,Information Technology,3
2017-04-13 21:45:00,65.08,65.1,65.08,65.085,20612.0,-0.000230432444888,-0.000460652591171,0.000215152912249,0.392326398271,-1,Information Technology,3
2017-04-13 21:46:00,65.095,65.095,65.084,65.09,14804.0,-0.000383906633907,-0.0016096887935,-0.00084452975048,-0.809411007403,-1,Information Technology,3
2017-04-13 21:47:00,65.12,65.125,65.07,65.095,77675.0,-0.00122699386503,0.000153327200245,-0.000843817121817,-0.577529519904,-1,Information Technology,3
2017-04-13 21:48:00,65.2,65.23,65.125,65.125,183859.0,-0.000153350713081,-0.000306560392397,0.000614062020264,2.25535154659,-1,Information Technology,3
2017-04-13 21:49:00,65.21,65.22,65.18,65.2,56479.0,0.000767341927563,0.000306654400491,0.000153539075695,-0.562554700994,-1,Information Technology,3
2017-04-13 21:50:00,65.16,65.24,65.14,65.21,129111.0,0.000153491941673,0.000997621057478,0.000307172477346,-0.106739357544,-1,Information Technology,3
2017-04-13 21:51:00,65.15,65.22,65.13,65.22,144539.0,0.000460687960688,0.0,0.000614722606424,0.661176876221,1,Information Technology,3
2017-04-13 21:52:00,65.12,65.155,65.11,65.15,87010.0,0.000384054074814,0.000767990169726,0.0,-0.498186180367,1,Information Technology,3
2017-04-13 21:53:00,65.095,65.155,65.07,65.13,173391.0,7.68167153172e-05,-7.67931193364e-05,0.000153704272979,1.27189465409,1,Information Technology,3
2017-04-13 21:54:00,65.09,65.105,65.07,65.095,76320.0,-0.000230397050918,-0.000230326295585,-0.000169046118855,-0.339883753114,1,Information Technology,3
2017-04-13 21:55:00,65.105,65.11,65.06,65.085,115616.0,7.68049155147e-05,0.00023037935801,1.53680651607e-05,-0.397211707907,-1,Information Technology,3
2017-04-13 21:56:00,65.1,65.125,65.071,65.11,191802.0,0.000230467849735,0.000307266861269,0.000461254612546,0.199752295644,1,Information Technology,3
2017-04-13 21:57:00,65.085,65.11,65.07,65.1,159868.0,0.000461148259165,0.000384231153462,0.000461467466544,0.166596126622,1,Information Technology,3
2017-04-13 21:58:00,65.055,65.09,65.04,65.09,137038.0,0.000385976297057,0.000232129488285,0.000923787528868,-0.291811581096,1,Information Technology,3
2017-04-13 21:59:00,65.0299,65.065,65.01,65.055,193505.0,0.00123017705928,0.000232129488285,0.000923787528868,-0.901337291297,1,Information Technology,3
2017-04-13 22:00:00,64.95,65.0499,64.95,65.025,1961278.0,0.00123017705928,0.000232129488285,0.000923787528868,-0.901337291297,1,Information Technology,3
