Date,Open,High,Low,Close,Volume
2017-04-19 15:31:00,2350.43,2350.43,2346.79,2346.79,0.0
2017-04-19 15:32:00,2351.11,2351.43,2350.53,2350.53,0.0
2017-04-19 15:33:00,2351.25,2351.82,2351.07,2351.12,0.0
2017-04-19 15:34:00,2350.79,2351.22,2350.11,2351.22,0.0
2017-04-19 15:35:00,2350.06,2351.13,2350.01,2350.8,0.0
2017-04-19 15:36:00,2349.99,2350.68,2349.88,2350.13,0.0
2017-04-19 15:37:00,2350.12,2350.24,2349.86,2349.97,0.0
2017-04-19 15:38:00,2349.86,2350.16,2349.78,2350.15,0.0
2017-04-19 15:39:00,2349.9,2350.19,2349.79,2349.88,0.0
2017-04-19 15:40:00,2350.13,2350.13,2349.52,2349.94,0.0
2017-04-19 15:41:00,2350.31,2350.32,2349.52,2350.16,0.0
2017-04-19 15:42:00,2349.7,2350.46,2349.62,2350.32,0.0
2017-04-19 15:43:00,2349.62,2350.07,2349.48,2349.91,0.0
2017-04-19 15:44:00,2348.49,2349.63,2348.49,2349.63,0.0
2017-04-19 15:45:00,2348.86,2348.88,2348.46,2348.49,0.0
2017-04-19 15:46:00,2347.98,2348.92,2347.94,2348.92,0.0
2017-04-19 15:47:00,2348.51,2348.51,2347.71,2347.96,0.0
2017-04-19 15:48:00,2348.67,2348.71,2348.12,2348.12,0.0
2017-04-19 15:49:00,2349.21,2349.21,2348.58,2348.66,0.0
2017-04-19 15:50:00,2349.22,2349.64,2349.13,2349.23,0.0
2017-04-19 15:51:00,2350.48,2350.48,2349.24,2349.25,0.0
2017-04-19 15:52:00,2350.32,2350.33,2350.27,2350.32,0.0
2017-04-19 15:53:00,2349.96,2350.33,2349.79,2350.32,0.0
2017-04-19 15:54:00,2350.16,2350.23,2349.98,2349.98,0.0
2017-04-19 15:55:00,2350.91,2351.04,2350.08,2350.2,0.0
2017-04-19 15:56:00,2351.68,2351.89,2350.9,2350.9,0.0
2017-04-19 15:57:00,2352.01,2352.15,2351.9,2351.99,0.0
2017-04-19 15:58:00,2352.04,2352.12,2351.83,2352.0,0.0
2017-04-19 15:59:00,2352.26,2352.35,2352.05,2352.05,0.0
2017-04-19 16:00:00,2352.17,2352.63,2352.14,2352.3,0.0
2017-04-19 16:01:00,2352.01,2352.44,2351.96,2352.3,0.0
2017-04-19 16:02:00,2351.73,2352.04,2351.54,2352.04,0.0
2017-04-19 16:03:00,2351.67,2351.79,2351.55,2351.75,0.0
2017-04-19 16:04:00,2351.48,2351.68,2351.42,2351.68,0.0
2017-04-19 16:05:00,2351.05,2351.43,2350.95,2351.43,0.0
2017-04-19 16:06:00,2350.79,2351.06,2350.66,2351.04,0.0
2017-04-19 16:07:00,2351.08,2351.35,2350.8,2350.8,0.0
2017-04-19 16:08:00,2350.96,2351.08,2350.71,2351.08,0.0
2017-04-19 16:09:00,2351.24,2351.24,2350.59,2350.94,0.0
2017-04-19 16:10:00,2351.15,2351.31,2351.08,2351.28,0.0
2017-04-19 16:11:00,2351.16,2351.25,2350.89,2351.15,0.0
2017-04-19 16:12:00,2351.18,2351.18,2350.89,2351.16,0.0
2017-04-19 16:13:00,2351.31,2351.31,2351.17,2351.19,0.0
2017-04-19 16:14:00,2351.45,2351.45,2351.2,2351.32,0.0
2017-04-19 16:15:00,2350.87,2351.47,2350.55,2351.46,0.0
2017-04-19 16:16:00,2350.53,2350.98,2350.49,2350.86,0.0
2017-04-19 16:17:00,2350.72,2350.78,2350.52,2350.53,0.0
2017-04-19 16:18:00,2350.5,2350.79,2350.38,2350.74,0.0
2017-04-19 16:19:00,2350.53,2350.54,2350.05,2350.46,0.0
2017-04-19 16:20:00,2349.92,2350.57,2349.92,2350.52,0.0
2017-04-19 16:21:00,2349.97,2350.05,2349.87,2349.9,0.0
2017-04-19 16:22:00,2350.05,2350.07,2349.92,2350.07,0.0
2017-04-19 16:23:00,2349.28,2350.08,2349.28,2350.07,0.0
2017-04-19 16:24:00,2349.4,2349.56,2349.29,2349.31,0.0
2017-04-19 16:25:00,2350.05,2350.05,2349.41,2349.41,0.0
2017-04-19 16:26:00,2349.97,2350.3,2349.97,2350.05,0.0
2017-04-19 16:27:00,2350.04,2350.23,2349.92,2349.96,0.0
2017-04-19 16:28:00,2350.01,2350.03,2349.9,2350.03,0.0
2017-04-19 16:29:00,2349.72,2350.06,2349.72,2350.0,0.0
2017-04-19 16:30:00,2349.94,2349.94,2349.69,2349.72,0.0
2017-04-19 16:31:00,2349.51,2350.29,2349.51,2350.04,0.0
2017-04-19 16:32:00,2348.92,2349.77,2348.89,2349.5,0.0
2017-04-19 16:33:00,2348.48,2349.0,2348.33,2348.92,0.0
2017-04-19 16:34:00,2349.19,2349.23,2348.48,2348.48,0.0
2017-04-19 16:35:00,2349.78,2349.88,2349.2,2349.2,0.0
2017-04-19 16:36:00,2349.62,2349.99,2349.62,2349.78,0.0
2017-04-19 16:37:00,2349.83,2349.87,2349.53,2349.61,0.0
2017-04-19 16:38:00,2349.21,2349.77,2349.16,2349.77,0.0
2017-04-19 16:39:00,2349.56,2349.84,2349.21,2349.21,0.0
2017-04-19 16:40:00,2349.5,2349.57,2348.99,2349.57,0.0
2017-04-19 16:41:00,2349.02,2349.43,2348.99,2349.43,0.0
2017-04-19 16:42:00,2348.52,2349.11,2348.52,2348.98,0.0
2017-04-19 16:43:00,2348.92,2348.92,2348.5,2348.51,0.0
2017-04-19 16:44:00,2349.05,2349.48,2348.92,2348.92,0.0
2017-04-19 16:45:00,2348.74,2349.1,2348.49,2349.08,0.0
2017-04-19 16:46:00,2348.81,2348.81,2348.47,2348.74,0.0
2017-04-19 16:47:00,2348.61,2348.92,2348.61,2348.79,0.0
2017-04-19 16:48:00,2348.66,2348.8,2348.52,2348.6,0.0
2017-04-19 16:49:00,2348.29,2348.52,2348.24,2348.52,0.0
2017-04-19 16:50:00,2346.93,2348.64,2346.83,2348.3,0.0
2017-04-19 16:51:00,2346.75,2347.12,2346.63,2346.95,0.0
2017-04-19 16:52:00,2347.39,2347.46,2346.76,2346.76,0.0
2017-04-19 16:53:00,2347.64,2347.7,2347.41,2347.41,0.0
2017-04-19 16:54:00,2347.85,2347.85,2347.49,2347.64,0.0
2017-04-19 16:55:00,2347.99,2347.99,2347.73,2347.86,0.0
2017-04-19 16:56:00,2347.85,2348.15,2347.73,2347.98,0.0
2017-04-19 16:57:00,2347.65,2347.84,2347.58,2347.84,0.0
2017-04-19 16:58:00,2347.71,2348.06,2347.65,2347.65,0.0
2017-04-19 16:59:00,2348.58,2348.62,2347.7,2347.71,0.0
2017-04-19 17:00:00,2348.13,2348.57,2348.02,2348.57,0.0
2017-04-19 17:01:00,2348.69,2348.69,2348.05,2348.12,0.0
2017-04-19 17:02:00,2348.76,2348.78,2348.46,2348.62,0.0
2017-04-19 17:03:00,2348.48,2348.86,2348.48,2348.76,0.0
2017-04-19 17:04:00,2348.04,2348.32,2348.03,2348.32,0.0
2017-04-19 17:05:00,2348.01,2348.19,2347.98,2348.04,0.0
2017-04-19 17:06:00,2348.26,2348.28,2348.01,2348.01,0.0
2017-04-19 17:07:00,2348.65,2348.65,2348.18,2348.26,0.0
2017-04-19 17:08:00,2348.49,2348.77,2348.44,2348.68,0.0
2017-04-19 17:09:00,2348.37,2348.76,2348.37,2348.5,0.0
2017-04-19 17:10:00,2348.46,2348.49,2348.15,2348.38,0.0
2017-04-19 17:11:00,2347.82,2348.45,2347.81,2348.43,0.0
2017-04-19 17:12:00,2347.93,2347.96,2347.72,2347.82,0.0
2017-04-19 17:13:00,2348.09,2348.09,2347.88,2347.96,0.0
2017-04-19 17:14:00,2348.59,2348.62,2348.11,2348.11,0.0
2017-04-19 17:15:00,2348.65,2348.75,2348.47,2348.59,0.0
2017-04-19 17:16:00,2348.72,2348.76,2348.42,2348.64,0.0
2017-04-19 17:17:00,2348.77,2348.78,2348.57,2348.7,0.0
2017-04-19 17:18:00,2348.9,2349.0,2348.73,2348.78,0.0
2017-04-19 17:19:00,2348.71,2349.09,2348.68,2348.91,0.0
2017-04-19 17:20:00,2348.81,2349.0,2348.69,2348.73,0.0
2017-04-19 17:21:00,2349.2,2349.24,2348.81,2348.81,0.0
2017-04-19 17:22:00,2349.09,2349.33,2349.01,2349.19,0.0
2017-04-19 17:23:00,2348.83,2349.11,2348.67,2349.1,0.0
2017-04-19 17:24:00,2349.39,2349.49,2348.98,2348.98,0.0
2017-04-19 17:25:00,2349.84,2349.84,2349.31,2349.37,0.0
2017-04-19 17:26:00,2349.44,2349.99,2349.43,2349.84,0.0
2017-04-19 17:27:00,2349.34,2349.53,2349.34,2349.44,0.0
2017-04-19 17:28:00,2348.85,2349.33,2348.83,2349.33,0.0
2017-04-19 17:29:00,2349.3,2349.3,2348.87,2348.87,0.0
2017-04-19 17:30:00,2350.04,2350.14,2349.25,2349.32,0.0
2017-04-19 17:31:00,2349.55,2350.05,2349.53,2350.05,0.0
2017-04-19 17:32:00,2349.4,2349.53,2349.26,2349.53,0.0
2017-04-19 17:33:00,2349.78,2349.8,2349.36,2349.38,0.0
2017-04-19 17:34:00,2349.68,2349.83,2349.65,2349.78,0.0
2017-04-19 17:35:00,2349.49,2349.67,2349.36,2349.67,0.0
2017-04-19 17:36:00,2349.94,2349.94,2349.46,2349.47,0.0
2017-04-19 17:37:00,2349.87,2349.89,2349.59,2349.86,0.0
2017-04-19 17:38:00,2349.69,2350.2,2349.69,2349.88,0.0
2017-04-19 17:39:00,2349.69,2349.75,2349.59,2349.7,0.0
2017-04-19 17:40:00,2349.92,2350.08,2349.7,2349.7,0.0
2017-04-19 17:41:00,2349.93,2350.01,2349.85,2349.93,0.0
2017-04-19 17:42:00,2349.97,2350.07,2349.84,2349.93,0.0
2017-04-19 17:43:00,2349.91,2350.18,2349.91,2349.96,0.0
2017-04-19 17:44:00,2349.87,2349.95,2349.76,2349.93,0.0
2017-04-19 17:45:00,2349.78,2350.25,2349.76,2349.87,0.0
2017-04-19 17:46:00,2349.79,2349.87,2349.79,2349.79,0.0
2017-04-19 17:47:00,2349.45,2349.77,2349.41,2349.77,0.0
2017-04-19 17:48:00,2349.19,2349.45,2349.1,2349.45,0.0
2017-04-19 17:49:00,2348.91,2349.24,2348.89,2349.19,0.0
2017-04-19 17:50:00,2348.84,2348.92,2348.66,2348.9,0.0
2017-04-19 17:51:00,2349.07,2349.11,2348.79,2348.82,0.0
2017-04-19 17:52:00,2349.05,2349.17,2349.01,2349.08,0.0
2017-04-19 17:53:00,2348.25,2349.05,2348.22,2349.04,0.0
2017-04-19 17:54:00,2348.2,2348.53,2348.17,2348.29,0.0
2017-04-19 17:55:00,2348.27,2348.55,2348.2,2348.2,0.0
2017-04-19 17:56:00,2347.92,2348.27,2347.91,2348.27,0.0
2017-04-19 17:57:00,2347.35,2347.97,2347.35,2347.94,0.0
2017-04-19 17:58:00,2347.9,2347.9,2347.23,2347.33,0.0
2017-04-19 17:59:00,2347.34,2347.95,2347.34,2347.91,0.0
2017-04-19 18:00:00,2347.36,2347.43,2347.16,2347.34,0.0
2017-04-19 18:01:00,2347.49,2347.5,2347.33,2347.36,0.0
2017-04-19 18:02:00,2347.39,2347.53,2347.39,2347.5,0.0
2017-04-19 18:03:00,2347.56,2347.63,2347.39,2347.4,0.0
2017-04-19 18:04:00,2347.33,2347.65,2347.32,2347.56,0.0
2017-04-19 18:05:00,2346.34,2347.34,2346.34,2347.32,0.0
2017-04-19 18:06:00,2344.91,2346.29,2344.86,2346.29,0.0
2017-04-19 18:07:00,2345.27,2345.27,2344.82,2344.88,0.0
2017-04-19 18:08:00,2345.57,2345.69,2345.27,2345.27,0.0
2017-04-19 18:09:00,2345.65,2345.68,2345.48,2345.57,0.0
2017-04-19 18:10:00,2344.98,2345.73,2344.98,2345.64,0.0
2017-04-19 18:11:00,2344.06,2344.94,2343.91,2344.94,0.0
2017-04-19 18:12:00,2344.24,2344.3,2343.92,2344.05,0.0
2017-04-19 18:13:00,2344.74,2344.74,2344.24,2344.25,0.0
2017-04-19 18:14:00,2345.3,2345.31,2344.74,2344.75,0.0
2017-04-19 18:15:00,2344.87,2345.28,2344.83,2345.25,0.0
2017-04-19 18:16:00,2344.74,2344.86,2344.65,2344.86,0.0
2017-04-19 18:17:00,2344.76,2345.02,2344.72,2344.74,0.0
2017-04-19 18:18:00,2345.25,2345.26,2344.71,2344.74,0.0
2017-04-19 18:19:00,2345.48,2345.56,2345.23,2345.26,0.0
2017-04-19 18:20:00,2344.98,2345.5,2344.98,2345.49,0.0
2017-04-19 18:21:00,2344.76,2345.03,2344.74,2344.98,0.0
2017-04-19 18:22:00,2346.14,2346.15,2344.68,2344.76,0.0
2017-04-19 18:23:00,2346.06,2346.11,2345.75,2346.07,0.0
2017-04-19 18:24:00,2346.09,2346.27,2346.05,2346.06,0.0
2017-04-19 18:25:00,2345.69,2346.11,2345.68,2346.1,0.0
2017-04-19 18:26:00,2345.6,2345.86,2345.6,2345.74,0.0
2017-04-19 18:27:00,2345.58,2345.73,2345.55,2345.59,0.0
2017-04-19 18:28:00,2345.67,2345.76,2345.57,2345.6,0.0
2017-04-19 18:29:00,2345.21,2345.73,2345.21,2345.68,0.0
2017-04-19 18:30:00,2345.4,2345.57,2345.17,2345.18,0.0
2017-04-19 18:31:00,2345.59,2345.59,2345.28,2345.39,0.0
2017-04-19 18:32:00,2345.58,2345.88,2345.57,2345.76,0.0
2017-04-19 18:33:00,2345.79,2345.8,2345.52,2345.58,0.0
2017-04-19 18:34:00,2346.02,2346.02,2345.78,2345.78,0.0
2017-04-19 18:35:00,2346.19,2346.26,2346.02,2346.02,0.0
2017-04-19 18:36:00,2346.13,2346.35,2345.98,2346.2,0.0
2017-04-19 18:37:00,2345.89,2346.32,2345.89,2346.14,0.0
2017-04-19 18:38:00,2345.68,2345.84,2345.52,2345.76,0.0
2017-04-19 18:39:00,2345.71,2345.78,2345.64,2345.68,0.0
2017-04-19 18:40:00,2345.94,2345.94,2345.71,2345.71,0.0
2017-04-19 18:41:00,2346.16,2346.17,2345.9,2345.93,0.0
2017-04-19 18:42:00,2345.99,2346.27,2345.99,2346.17,0.0
2017-04-19 18:43:00,2345.97,2346.04,2345.79,2345.98,0.0
2017-04-19 18:44:00,2345.85,2345.99,2345.83,2345.99,0.0
2017-04-19 18:45:00,2345.46,2345.9,2345.46,2345.84,0.0
2017-04-19 18:46:00,2345.96,2345.96,2345.28,2345.45,0.0
2017-04-19 18:47:00,2345.95,2346.14,2345.89,2345.97,0.0
2017-04-19 18:48:00,2345.57,2345.95,2345.5,2345.94,0.0
2017-04-19 18:49:00,2345.63,2345.63,2345.52,2345.58,0.0
2017-04-19 18:50:00,2345.53,2345.78,2345.53,2345.62,0.0
2017-04-19 18:51:00,2345.5,2345.51,2345.34,2345.51,0.0
2017-04-19 18:52:00,2345.89,2345.91,2345.51,2345.51,0.0
2017-04-19 18:53:00,2345.85,2345.95,2345.84,2345.9,0.0
2017-04-19 18:54:00,2346.33,2346.33,2345.83,2345.84,0.0
2017-04-19 18:55:00,2346.43,2346.43,2346.29,2346.35,0.0
2017-04-19 18:56:00,2346.6,2346.71,2346.37,2346.42,0.0
2017-04-19 18:57:00,2346.25,2346.64,2346.24,2346.61,0.0
2017-04-19 18:58:00,2346.21,2346.27,2346.11,2346.26,0.0
2017-04-19 18:59:00,2346.36,2346.47,2346.12,2346.2,0.0
2017-04-19 19:00:00,2346.08,2346.48,2346.06,2346.36,0.0
2017-04-19 19:01:00,2346.07,2346.08,2346.0,2346.07,0.0
2017-04-19 19:02:00,2346.04,2346.07,2346.02,2346.07,0.0
2017-04-19 19:03:00,2345.22,2346.03,2345.2,2346.03,0.0
2017-04-19 19:04:00,2344.31,2345.23,2344.07,2345.22,0.0
2017-04-19 19:05:00,2344.15,2344.61,2344.15,2344.29,0.0
2017-04-19 19:06:00,2344.28,2344.29,2343.92,2344.05,0.0
2017-04-19 19:07:00,2344.09,2344.31,2344.0,2344.3,0.0
2017-04-19 19:08:00,2343.97,2344.12,2343.53,2344.09,0.0
2017-04-19 19:09:00,2343.78,2343.98,2343.71,2343.94,0.0
2017-04-19 19:10:00,2343.35,2343.82,2343.19,2343.79,0.0
2017-04-19 19:11:00,2343.35,2343.53,2343.19,2343.36,0.0
2017-04-19 19:12:00,2342.99,2343.48,2342.99,2343.35,0.0
2017-04-19 19:13:00,2342.27,2343.03,2342.24,2342.98,0.0
2017-04-19 19:14:00,2342.58,2342.58,2342.04,2342.33,0.0
2017-04-19 19:15:00,2342.5,2343.02,2342.5,2342.61,0.0
2017-04-19 19:16:00,2343.18,2343.18,2342.28,2342.44,0.0
2017-04-19 19:17:00,2343.29,2343.46,2343.12,2343.19,0.0
2017-04-19 19:18:00,2343.2,2343.33,2343.19,2343.29,0.0
2017-04-19 19:19:00,2343.4,2343.51,2342.92,2343.13,0.0
2017-04-19 19:20:00,2343.22,2343.41,2342.94,2343.41,0.0
2017-04-19 19:21:00,2343.42,2343.47,2343.17,2343.23,0.0
2017-04-19 19:22:00,2343.66,2343.76,2343.5,2343.52,0.0
2017-04-19 19:23:00,2344.78,2344.78,2343.64,2343.66,0.0
2017-04-19 19:24:00,2345.14,2345.22,2344.6,2344.76,0.0
2017-04-19 19:25:00,2344.67,2345.13,2344.67,2345.13,0.0
2017-04-19 19:26:00,2344.73,2344.8,2344.69,2344.69,0.0
2017-04-19 19:27:00,2344.36,2344.72,2344.36,2344.72,0.0
2017-04-19 19:28:00,2344.18,2344.37,2344.11,2344.37,0.0
2017-04-19 19:29:00,2344.35,2344.42,2344.18,2344.19,0.0
2017-04-19 19:30:00,2344.0,2344.34,2344.0,2344.34,0.0
2017-04-19 19:31:00,2343.67,2344.01,2343.67,2344.0,0.0
2017-04-19 19:32:00,2344.07,2344.07,2343.49,2343.67,0.0
2017-04-19 19:33:00,2343.93,2344.1,2343.78,2344.08,0.0
2017-04-19 19:34:00,2344.09,2344.18,2343.95,2343.95,0.0
2017-04-19 19:35:00,2343.99,2344.08,2343.88,2344.08,0.0
2017-04-19 19:36:00,2343.22,2343.98,2343.21,2343.98,0.0
2017-04-19 19:37:00,2343.62,2343.71,2343.27,2343.27,0.0
2017-04-19 19:38:00,2343.73,2343.74,2343.57,2343.64,0.0
2017-04-19 19:39:00,2343.79,2343.79,2343.62,2343.72,0.0
2017-04-19 19:40:00,2343.56,2343.85,2343.56,2343.79,0.0
2017-04-19 19:41:00,2342.99,2343.58,2342.93,2343.54,0.0
2017-04-19 19:42:00,2343.94,2344.0,2343.04,2343.04,0.0
2017-04-19 19:43:00,2343.77,2343.98,2343.7,2343.95,0.0
2017-04-19 19:44:00,2343.46,2344.02,2343.38,2343.77,0.0
2017-04-19 19:45:00,2343.83,2343.85,2343.45,2343.46,0.0
2017-04-19 19:46:00,2343.63,2343.83,2343.44,2343.83,0.0
2017-04-19 19:47:00,2343.47,2343.65,2343.28,2343.64,0.0
2017-04-19 19:48:00,2343.72,2343.97,2343.46,2343.46,0.0
2017-04-19 19:49:00,2344.18,2344.2,2343.74,2343.74,0.0
2017-04-19 19:50:00,2344.13,2344.39,2344.11,2344.2,0.0
2017-04-19 19:51:00,2344.22,2344.32,2344.13,2344.13,0.0
2017-04-19 19:52:00,2344.53,2344.53,2344.22,2344.22,0.0
2017-04-19 19:53:00,2344.29,2344.62,2344.29,2344.55,0.0
2017-04-19 19:54:00,2344.41,2344.57,2344.29,2344.29,0.0
2017-04-19 19:55:00,2344.39,2344.54,2344.37,2344.41,0.0
2017-04-19 19:56:00,2343.8,2344.39,2343.8,2344.38,0.0
2017-04-19 19:57:00,2343.59,2343.8,2343.32,2343.8,0.0
2017-04-19 19:58:00,2343.49,2343.74,2343.48,2343.59,0.0
2017-04-19 19:59:00,2344.22,2344.26,2343.47,2343.5,0.0
2017-04-19 20:00:00,2343.86,2344.22,2343.75,2344.22,0.0
2017-04-19 20:01:00,2344.03,2344.15,2343.84,2343.86,0.0
2017-04-19 20:02:00,2344.62,2344.62,2344.03,2344.03,0.0
2017-04-19 20:03:00,2344.54,2344.69,2344.48,2344.63,0.0
2017-04-19 20:04:00,2343.74,2344.47,2343.53,2344.47,0.0
2017-04-19 20:05:00,2343.39,2343.74,2343.39,2343.74,0.0
2017-04-19 20:06:00,2342.7,2343.38,2342.5,2343.38,0.0
2017-04-19 20:07:00,2342.49,2342.86,2342.41,2342.68,0.0
2017-04-19 20:08:00,2343.05,2343.25,2342.48,2342.48,0.0
2017-04-19 20:09:00,2343.05,2343.07,2342.78,2343.04,0.0
2017-04-19 20:10:00,2342.67,2343.05,2342.67,2343.05,0.0
2017-04-19 20:11:00,2343.0,2343.06,2342.61,2342.67,0.0
2017-04-19 20:12:00,2342.86,2343.0,2342.86,2342.99,0.0
2017-04-19 20:13:00,2342.18,2342.86,2342.18,2342.86,0.0
2017-04-19 20:14:00,2342.42,2342.46,2342.05,2342.18,0.0
2017-04-19 20:15:00,2342.04,2342.6,2342.04,2342.44,0.0
2017-04-19 20:16:00,2340.61,2342.0,2340.43,2342.0,0.0
2017-04-19 20:17:00,2340.32,2340.6,2340.26,2340.59,0.0
2017-04-19 20:18:00,2340.94,2340.99,2340.33,2340.33,0.0
2017-04-19 20:19:00,2341.15,2341.38,2340.97,2340.98,0.0
2017-04-19 20:20:00,2341.35,2341.35,2340.92,2341.16,0.0
2017-04-19 20:21:00,2341.26,2341.48,2341.16,2341.35,0.0
2017-04-19 20:22:00,2340.44,2341.25,2340.43,2341.25,0.0
2017-04-19 20:23:00,2341.13,2341.23,2340.44,2340.44,0.0
2017-04-19 20:24:00,2341.3,2341.3,2341.08,2341.15,0.0
2017-04-19 20:25:00,2340.37,2341.31,2340.37,2341.31,0.0
2017-04-19 20:26:00,2340.7,2340.73,2340.3,2340.36,0.0
2017-04-19 20:27:00,2341.24,2341.25,2340.73,2340.73,0.0
2017-04-19 20:28:00,2342.12,2342.26,2341.24,2341.24,0.0
2017-04-19 20:29:00,2342.21,2342.57,2342.14,2342.14,0.0
2017-04-19 20:30:00,2342.22,2342.33,2342.11,2342.2,0.0
2017-04-19 20:31:00,2341.86,2342.2,2341.85,2342.2,0.0
2017-04-19 20:32:00,2342.35,2342.58,2341.84,2341.85,0.0
2017-04-19 20:33:00,2342.57,2342.68,2342.32,2342.35,0.0
2017-04-19 20:34:00,2341.78,2342.58,2341.7,2342.57,0.0
2017-04-19 20:35:00,2342.01,2342.03,2341.73,2341.74,0.0
2017-04-19 20:36:00,2342.14,2342.35,2341.88,2341.96,0.0
2017-04-19 20:37:00,2342.08,2342.21,2342.05,2342.13,0.0
2017-04-19 20:38:00,2342.75,2342.78,2342.03,2342.07,0.0
2017-04-19 20:39:00,2342.47,2342.97,2342.46,2342.75,0.0
2017-04-19 20:40:00,2342.48,2342.5,2342.31,2342.47,0.0
2017-04-19 20:41:00,2342.53,2342.72,2342.49,2342.5,0.0
2017-04-19 20:42:00,2341.76,2342.53,2341.76,2342.53,0.0
2017-04-19 20:43:00,2341.37,2341.81,2341.37,2341.66,0.0
2017-04-19 20:44:00,2341.1,2341.37,2341.05,2341.37,0.0
2017-04-19 20:45:00,2341.32,2341.51,2341.06,2341.09,0.0
2017-04-19 20:46:00,2341.39,2341.43,2341.18,2341.29,0.0
2017-04-19 20:47:00,2341.23,2341.49,2341.2,2341.4,0.0
2017-04-19 20:48:00,2340.28,2341.23,2340.28,2341.22,0.0
2017-04-19 20:49:00,2340.33,2340.48,2340.23,2340.27,0.0
2017-04-19 20:50:00,2339.82,2340.42,2339.77,2340.32,0.0
2017-04-19 20:51:00,2338.85,2339.84,2338.85,2339.84,0.0
2017-04-19 20:52:00,2338.72,2339.2,2338.72,2338.73,0.0
2017-04-19 20:53:00,2337.25,2338.86,2337.25,2338.74,0.0
2017-04-19 20:54:00,2337.73,2337.94,2337.33,2337.33,0.0
2017-04-19 20:55:00,2338.54,2338.55,2337.6,2337.71,0.0
2017-04-19 20:56:00,2338.52,2338.57,2338.41,2338.54,0.0
2017-04-19 20:57:00,2338.75,2338.88,2338.51,2338.51,0.0
2017-04-19 20:58:00,2338.69,2338.91,2338.67,2338.86,0.0
2017-04-19 20:59:00,2338.68,2338.72,2338.55,2338.68,0.0
2017-04-19 21:00:00,2338.42,2338.69,2338.3,2338.69,0.0
2017-04-19 21:01:00,2337.58,2338.42,2337.56,2338.41,0.0
2017-04-19 21:02:00,2338.72,2338.72,2337.36,2337.5,0.0
2017-04-19 21:03:00,2339.01,2339.23,2338.7,2338.72,0.0
2017-04-19 21:04:00,2338.88,2339.04,2338.81,2339.01,0.0
2017-04-19 21:05:00,2338.82,2339.07,2338.82,2338.87,0.0
2017-04-19 21:06:00,2338.94,2338.97,2338.82,2338.82,0.0
2017-04-19 21:07:00,2338.11,2338.94,2338.1,2338.94,0.0
2017-04-19 21:08:00,2338.53,2338.53,2338.12,2338.12,0.0
2017-04-19 21:09:00,2339.16,2339.21,2338.57,2338.58,0.0
2017-04-19 21:10:00,2339.25,2339.3,2338.93,2339.18,0.0
2017-04-19 21:11:00,2339.58,2339.8,2339.17,2339.26,0.0
2017-04-19 21:12:00,2339.61,2339.77,2339.3,2339.58,0.0
2017-04-19 21:13:00,2339.59,2339.71,2339.57,2339.61,0.0
2017-04-19 21:14:00,2339.5,2339.57,2339.33,2339.57,0.0
2017-04-19 21:15:00,2339.05,2339.71,2339.05,2339.52,0.0
2017-04-19 21:16:00,2339.32,2339.32,2338.91,2338.96,0.0
2017-04-19 21:17:00,2338.93,2339.31,2338.91,2339.29,0.0
2017-04-19 21:18:00,2339.57,2339.57,2338.91,2338.95,0.0
2017-04-19 21:19:00,2339.71,2339.75,2339.4,2339.57,0.0
2017-04-19 21:20:00,2340.24,2340.25,2339.54,2339.63,0.0
2017-04-19 21:21:00,2340.11,2340.42,2340.07,2340.24,0.0
2017-04-19 21:22:00,2339.52,2340.13,2339.52,2340.11,0.0
2017-04-19 21:23:00,2339.49,2339.59,2339.4,2339.52,0.0
2017-04-19 21:24:00,2339.35,2339.48,2339.27,2339.48,0.0
2017-04-19 21:25:00,2339.42,2339.61,2339.34,2339.35,0.0
2017-04-19 21:26:00,2339.22,2339.43,2339.21,2339.42,0.0
2017-04-19 21:27:00,2338.17,2339.24,2338.16,2339.23,0.0
2017-04-19 21:28:00,2338.29,2338.29,2337.98,2338.17,0.0
2017-04-19 21:29:00,2338.17,2338.46,2338.17,2338.29,0.0
2017-04-19 21:30:00,2336.92,2338.1,2336.78,2338.1,0.0
2017-04-19 21:31:00,2336.64,2337.06,2336.61,2336.92,0.0
2017-04-19 21:32:00,2335.88,2336.55,2335.7,2336.55,0.0
2017-04-19 21:33:00,2336.24,2336.78,2335.66,2335.87,0.0
2017-04-19 21:34:00,2336.7,2336.71,2336.33,2336.33,0.0
2017-04-19 21:35:00,2336.15,2336.75,2336.15,2336.71,0.0
2017-04-19 21:36:00,2336.55,2336.57,2336.16,2336.17,0.0
2017-04-19 21:37:00,2337.18,2337.41,2336.54,2336.54,0.0
2017-04-19 21:38:00,2337.03,2337.29,2336.88,2337.18,0.0
2017-04-19 21:39:00,2336.95,2337.0,2336.68,2337.0,0.0
2017-04-19 21:40:00,2337.24,2337.36,2336.94,2336.95,0.0
2017-04-19 21:41:00,2336.42,2337.19,2336.42,2337.19,0.0
2017-04-19 21:42:00,2336.86,2336.96,2336.34,2336.37,0.0
2017-04-19 21:43:00,2335.21,2336.86,2335.21,2336.84,0.0
2017-04-19 21:44:00,2335.41,2335.52,2335.05,2335.21,0.0
2017-04-19 21:45:00,2335.55,2336.07,2335.51,2335.51,0.0
2017-04-19 21:46:00,2335.1,2335.72,2335.09,2335.34,0.0
2017-04-19 21:47:00,2335.91,2335.96,2335.09,2335.11,0.0
2017-04-19 21:48:00,2335.62,2336.09,2335.62,2335.89,0.0
2017-04-19 21:49:00,2335.87,2335.93,2335.38,2335.58,0.0
2017-04-19 21:50:00,2335.65,2335.84,2335.61,2335.84,0.0
2017-04-19 21:51:00,2335.46,2335.86,2335.17,2335.69,0.0
2017-04-19 21:52:00,2335.42,2335.53,2335.41,2335.48,0.0
2017-04-19 21:53:00,2335.13,2335.49,2335.11,2335.45,0.0
2017-04-19 21:54:00,2335.23,2335.64,2335.13,2335.13,0.0
2017-04-19 21:55:00,2336.46,2336.58,2335.21,2335.24,0.0
2017-04-19 21:56:00,2337.38,2337.4,2336.43,2336.43,0.0
2017-04-19 21:57:00,2336.87,2337.72,2336.87,2337.45,0.0
2017-04-19 21:58:00,2337.34,2337.34,2336.87,2336.88,0.0
2017-04-19 21:59:00,2337.8,2337.93,2337.43,2337.48,0.0
2017-04-19 22:00:00,2337.99,2338.54,2337.69,2337.69,0.0
2017-04-19 22:01:00,2338.04,2338.04,2337.94,2337.94,0.0
2017-04-19 22:02:00,2338.07,2338.07,2338.04,2338.04,0.0
2017-04-19 22:03:00,2338.12,2338.12,2338.07,2338.07,0.0
2017-04-19 22:04:00,2338.16,2338.16,2338.12,2338.12,0.0
2017-04-19 22:05:00,2338.17,2338.17,2338.16,2338.16,0.0
2017-04-19 22:06:00,2338.17,2338.17,2338.17,2338.17,0.0
2017-04-19 22:07:00,2338.17,2338.17,2338.17,2338.17,0.0
2017-04-19 22:08:00,2338.17,2338.17,2338.17,2338.17,0.0
2017-04-19 22:09:00,2338.17,2338.17,2338.17,2338.17,0.0
2017-04-19 22:10:00,2338.17,2338.17,2338.17,2338.17,0.0
2017-04-19 22:11:00,2338.17,2338.17,2338.17,2338.17,0.0
2017-04-19 22:12:00,2338.17,2338.17,2338.17,2338.17,0.0
2017-04-19 22:13:00,2338.17,2338.17,2338.17,2338.17,0.0
2017-04-19 22:14:00,2338.17,2338.17,2338.17,2338.17,0.0
2017-04-19 22:15:00,2338.17,2338.17,2338.17,2338.17,0.0
2017-04-19 22:16:00,2338.17,2338.17,2338.17,2338.17,0.0
